itr,wall,itr_time,loss,bpd,fe,total_time,grad_norm,kinetic_energy,jacobian_norm2
0,9.6490,9.6490,10.3886,10.3882,1024.0,32.0000,13.6391,0.0056,0.0000
1,18.1925,8.5435,10.3870,10.3866,1024.0,32.0000,13.5942,0.0056,0.0000
2,26.8611,8.6686,10.3842,10.3837,1024.0,32.0000,13.5249,0.0055,0.0000
3,35.4352,8.5740,10.3798,10.3794,1024.0,32.0000,13.3980,0.0054,0.0000
4,43.9655,8.5304,10.3740,10.3736,1024.0,32.0000,13.2537,0.0053,0.0000
5,52.5932,8.6277,10.3672,10.3668,1024.0,32.0000,13.0612,0.0053,0.0000
6,61.2839,8.6907,10.3591,10.3586,1024.0,32.0000,12.8327,0.0052,0.0000
7,69.8072,8.5233,10.3501,10.3496,1024.0,32.0000,12.5733,0.0053,0.0000
8,78.5137,8.7065,10.3400,10.3396,1024.0,32.0000,12.2932,0.0054,0.0000
9,87.0737,8.5600,10.3293,10.3289,1024.0,32.0000,11.9614,0.0056,0.0000
10,95.7061,8.6324,10.3177,10.3172,1024.0,32.0000,11.6033,0.0060,0.0000
11,104.4164,8.7104,10.3055,10.3050,1024.0,32.0000,11.2013,0.0065,0.0000
12,112.9712,8.5547,10.2929,10.2923,1024.0,32.0000,10.7797,0.0072,0.0000
13,121.6812,8.7100,10.2798,10.2792,1024.0,32.0000,10.3245,0.0082,0.0000
14,130.2477,8.5665,10.2667,10.2660,1024.0,32.0000,9.8325,0.0094,0.0000
15,138.9943,8.7465,10.2539,10.2530,1024.0,32.0000,9.3157,0.0109,0.0000
16,147.6240,8.6298,10.2410,10.2400,1024.0,32.0000,8.7912,0.0128,0.0000
17,156.3419,8.7179,10.2284,10.2272,1024.0,32.0000,8.2633,0.0150,0.0000
18,165.1420,8.8001,10.2168,10.2154,1024.0,32.0000,7.7192,0.0176,0.0000
19,173.9416,8.7996,10.2056,10.2039,1024.0,32.0000,7.1918,0.0207,0.0000
20,182.6435,8.7019,10.1951,10.1932,1024.0,32.0000,6.6739,0.0241,0.0000
21,191.3626,8.7191,10.1850,10.1828,1024.0,32.0000,6.1753,0.0280,0.0000
22,200.0378,8.6752,10.1755,10.1730,1024.0,32.0000,5.6946,0.0322,0.0000
23,208.9060,8.8682,10.1664,10.1635,1024.0,32.0000,5.2457,0.0367,0.0000
24,217.6449,8.7389,10.1576,10.1542,1024.0,32.0000,4.8076,0.0416,0.0000
25,226.4192,8.7743,10.1487,10.1449,1024.0,32.0000,4.3891,0.0467,0.0000
26,235.0858,8.6666,10.1403,10.1361,1024.0,32.0000,3.9899,0.0522,0.0000
27,243.7255,8.6397,10.1321,10.1274,1024.0,32.0000,3.6262,0.0578,0.0000
28,252.3223,8.5968,10.1235,10.1183,1024.0,32.0000,3.2642,0.0637,0.0000
29,261.1787,8.8564,10.1155,10.1099,1024.0,32.0000,2.9532,0.0697,0.0000
30,269.8726,8.6939,10.1077,10.1016,1024.0,32.0000,2.6776,0.0758,0.0000
31,278.6815,8.8089,10.1002,10.0936,1024.0,32.0000,2.4629,0.0820,0.0000
32,287.2905,8.6090,10.0919,10.0848,1024.0,32.0000,2.3416,0.0882,0.0000
33,296.0048,8.7143,10.0847,10.0770,1024.0,32.0000,2.3319,0.0944,0.0000
34,304.6607,8.6560,10.0757,10.0675,1024.0,32.0000,2.4023,0.1006,0.0000
35,313.3422,8.6814,10.0688,10.0601,1024.0,32.0000,2.5779,0.1067,0.0000
36,321.9867,8.6446,10.0598,10.0506,1024.0,32.0000,2.7740,0.1128,0.0000
37,330.8073,8.8205,10.0500,10.0403,1024.0,32.0000,2.9726,0.1189,0.0000
38,339.4097,8.6025,10.0407,10.0305,1024.0,32.0000,3.1665,0.1250,0.0000
39,348.0521,8.6424,10.0307,10.0200,1024.0,32.0000,3.3056,0.1311,0.0000
40,356.8422,8.7901,10.0161,10.0049,1024.0,32.0000,3.3965,0.1371,0.0000
41,365.5758,8.7336,10.0039,9.9921,1024.0,32.0000,3.4205,0.1432,0.0000
42,374.3204,8.7446,9.9887,9.9764,1024.0,32.0000,3.3815,0.1495,0.0000
43,383.1121,8.7917,9.9722,9.9593,1024.0,32.0000,3.2697,0.1561,0.0000
44,391.7754,8.6633,9.9554,9.9419,1024.0,32.0000,3.1134,0.1630,0.0001
45,400.5589,8.7836,9.9364,9.9223,1024.0,32.0000,2.9062,0.1704,0.0001
46,409.3040,8.7450,9.9155,9.9006,1024.0,32.0000,2.6914,0.1783,0.0001
47,418.1471,8.8431,9.8966,9.8809,1024.0,32.0000,2.4758,0.1869,0.0001
48,426.9771,8.8301,9.8755,9.8590,1024.0,32.0000,2.2780,0.1961,0.0001
49,435.7239,8.7468,9.8556,9.8383,1024.0,32.0000,2.1298,0.2058,0.0002
50,444.5189,8.7950,9.8341,9.8159,1024.0,32.0000,2.0367,0.2157,0.0002
51,453.2822,8.7633,9.8128,9.7936,1024.0,32.0000,2.0165,0.2258,0.0003
52,461.9614,8.6792,9.7923,9.7722,1024.0,32.0000,2.0480,0.2358,0.0003
53,470.7287,8.7673,9.7719,9.7509,1024.0,32.0000,2.1250,0.2454,0.0004
54,479.5731,8.8444,9.7506,9.7287,1024.0,32.0000,2.2114,0.2541,0.0005
55,488.2282,8.6552,9.7301,9.7074,1024.0,32.0000,2.3042,0.2615,0.0006
56,496.7828,8.5546,9.7089,9.6856,1024.0,32.0000,2.4000,0.2673,0.0007
57,505.6344,8.8516,9.6885,9.6647,1024.0,32.0000,2.4774,0.2709,0.0009
58,514.3668,8.7324,9.6670,9.6429,1024.0,32.0000,2.5544,0.2722,0.0010
59,523.0154,8.6486,9.6457,9.6216,1024.0,32.0000,2.6048,0.2708,0.0012
60,531.7673,8.7520,9.6257,9.6018,1024.0,32.0000,2.6545,0.2667,0.0014
61,540.6173,8.8500,9.6045,9.5809,1024.0,32.0000,2.6843,0.2598,0.0016
62,549.3380,8.7207,9.5840,9.5611,1024.0,32.0000,2.6804,0.2505,0.0018
63,558.1803,8.8423,9.5626,9.5405,1024.0,32.0000,2.6650,0.2393,0.0022
64,566.6259,8.4456,9.5396,9.5184,1024.0,32.0000,2.6524,0.2272,0.0024
65,575.4417,8.8158,9.5186,9.4984,1024.0,32.0000,2.6220,0.2147,0.0027
66,584.1520,8.7103,9.4981,9.4788,1024.0,32.0000,2.6180,0.2033,0.0030
67,592.9478,8.7958,9.4768,9.4583,1024.0,32.0000,2.6622,0.1938,0.0033
68,601.6314,8.6836,9.4570,9.4390,1024.0,32.0000,2.7226,0.1871,0.0037
69,610.4101,8.7787,9.4377,9.4201,1024.0,32.0000,2.7896,0.1838,0.0041
70,619.0611,8.6510,9.4178,9.4001,1024.0,32.0000,2.8532,0.1847,0.0044
71,627.7890,8.7279,9.3994,9.3815,1024.0,32.0000,2.8609,0.1890,0.0051
72,636.3801,8.5911,9.3801,9.3617,1024.0,32.0000,2.8344,0.1963,0.0052
73,644.9241,8.5440,9.3636,9.3446,1024.0,32.0000,2.7493,0.2056,0.0057
74,653.5639,8.6397,9.3429,9.3232,1024.0,32.0000,2.6236,0.2160,0.0060
75,662.1763,8.6125,9.3289,9.3085,1024.0,32.0000,2.4460,0.2266,0.0066
76,670.9278,8.7515,9.3129,9.2918,1024.0,32.0000,2.2555,0.2366,0.0073
77,679.8123,8.8844,9.2975,9.2759,1024.0,32.0000,2.0678,0.2455,0.0073
78,688.4236,8.6113,9.2872,9.2651,1024.0,32.0000,1.8975,0.2531,0.0082
79,697.1590,8.7354,9.2721,9.2496,1024.0,32.0000,1.8115,0.2604,0.0087
80,705.9566,8.7975,9.2624,9.2396,1024.0,32.0000,1.7758,0.2669,0.0092
81,714.7972,8.8407,9.2515,9.2283,1024.0,32.0000,1.8017,0.2733,0.0095
82,723.5689,8.7716,9.2465,9.2229,1024.0,32.0000,1.8038,0.2793,0.0108
83,732.2335,8.6646,9.2373,9.2134,1024.0,32.0000,1.7753,0.2856,0.0110
84,741.0739,8.8404,9.2293,9.2050,1024.0,32.0000,1.6931,0.2924,0.0115
85,749.8638,8.7899,9.2243,9.1996,1024.0,32.0000,1.5298,0.2988,0.0121
86,758.6702,8.8064,9.2208,9.1956,1024.0,32.0000,1.3373,0.3051,0.0134
87,767.3393,8.6691,9.2157,9.1899,1024.0,32.0000,1.1561,0.3120,0.0138
88,776.2061,8.8669,9.2130,9.1869,1024.0,32.0000,1.0401,0.3176,0.0143
89,784.9952,8.7890,9.2095,9.1830,1024.0,32.0000,1.0568,0.3225,0.0155
90,793.7660,8.7709,9.2081,9.1813,1024.0,32.0000,1.0613,0.3259,0.0151
91,802.4925,8.7265,9.2027,9.1757,1024.0,32.0000,1.0344,0.3286,0.0158
92,811.1407,8.6482,9.2017,9.1747,1024.0,32.0000,1.0166,0.3293,0.0170
93,819.8219,8.6812,9.1994,9.1724,1024.0,32.0000,0.9255,0.3298,0.0176
94,828.6079,8.7860,9.1980,9.1711,1024.0,32.0000,0.8674,0.3302,0.0170
95,837.3328,8.7249,9.1956,9.1687,1024.0,32.0000,0.8727,0.3304,0.0180
96,845.9708,8.6380,9.1930,9.1660,1024.0,32.0000,0.8841,0.3308,0.0176
97,854.6853,8.7145,9.1862,9.1592,1024.0,32.0000,0.8397,0.3312,0.0166
98,863.4603,8.7750,9.1877,9.1606,1024.0,32.0000,0.8670,0.3325,0.0174
99,872.3059,8.8455,9.1822,9.1551,1024.0,32.0000,0.8800,0.3334,0.0170
100,881.1655,8.8596,9.1796,9.1524,1024.0,32.0000,0.9696,0.3342,0.0168
101,889.8986,8.7332,9.1765,9.1493,1024.0,32.0000,1.0723,0.3347,0.0170
102,898.5980,8.6994,9.1751,9.1479,1024.0,32.0000,1.1320,0.3341,0.0176
103,907.2469,8.6489,9.1675,9.1407,1024.0,32.0000,1.0736,0.3319,0.0165
104,916.0676,8.8206,9.1625,9.1360,1024.0,32.0000,0.9983,0.3291,0.0161
105,924.8808,8.8132,9.1630,9.1368,1024.0,32.0000,0.9828,0.3259,0.0163
106,933.5600,8.6792,9.1550,9.1292,1024.0,32.0000,0.9596,0.3229,0.0152
107,942.2343,8.6743,9.1485,9.1230,1024.0,32.0000,0.9878,0.3200,0.0157
108,951.0886,8.8543,9.1386,9.1134,1024.0,32.0000,1.0099,0.3182,0.0141
109,959.8856,8.7970,9.1319,9.1067,1024.0,32.0000,1.0435,0.3173,0.0144
110,968.5792,8.6937,9.1281,9.1029,1024.0,32.0000,1.0674,0.3162,0.0151
111,977.4376,8.8583,9.1197,9.0947,1024.0,32.0000,1.1402,0.3145,0.0146
112,986.2823,8.8447,9.1070,9.0821,1024.0,32.0000,1.1564,0.3135,0.0145
113,995.1329,8.8506,9.0989,9.0742,1024.0,32.0000,1.1561,0.3117,0.0146
114,1003.8619,8.7291,9.0863,9.0617,1024.0,32.0000,1.1872,0.3099,0.0137
115,1012.6268,8.7648,9.0774,9.0529,1024.0,32.0000,1.2509,0.3085,0.0146
116,1021.3261,8.6993,9.0617,9.0372,1024.0,32.0000,1.3136,0.3082,0.0153
117,1030.0973,8.7712,9.0487,9.0240,1024.0,32.0000,1.3538,0.3084,0.0157
118,1038.8452,8.7479,9.0328,9.0080,1024.0,32.0000,1.4520,0.3092,0.0161
119,1047.6877,8.8426,9.0144,8.9895,1024.0,32.0000,1.5469,0.3104,0.0170
120,1056.5316,8.8438,8.9928,8.9677,1024.0,32.0000,1.6181,0.3112,0.0173
121,1065.1163,8.5847,8.9709,8.9457,1024.0,32.0000,1.7227,0.3119,0.0195
122,1073.8934,8.7771,8.9459,8.9205,1024.0,32.0000,1.8524,0.3135,0.0204
123,1082.5833,8.6899,8.9200,8.8942,1024.0,32.0000,1.9234,0.3162,0.0227
124,1091.1599,8.5766,8.8866,8.8602,1024.0,32.0000,2.0630,0.3208,0.0261
125,1099.8690,8.7091,8.8527,8.8257,1024.0,32.0000,2.2426,0.3252,0.0303
126,1108.4667,8.5977,8.8127,8.7850,1024.0,32.0000,2.3724,0.3286,0.0344
127,1116.8946,8.4279,8.7687,8.7402,1024.0,32.0000,2.4927,0.3343,0.0396
128,1125.6236,8.7290,8.7269,8.6971,1024.0,32.0000,2.6675,0.3426,0.0462
129,1134.3840,8.7604,8.6752,8.6439,1024.0,32.0000,2.8482,0.3525,0.0565
130,1143.2412,8.8571,8.6184,8.5849,1024.0,32.0000,3.1377,0.3684,0.0677
131,1152.0622,8.8210,8.5620,8.5262,1024.0,32.0000,3.3993,0.3836,0.0796
132,1160.7576,8.6954,8.4822,8.4430,1024.0,32.0000,3.7805,0.4036,0.1000
133,1169.4846,8.7270,8.4005,8.3574,1024.0,32.0000,4.0249,0.4267,0.1205
134,1178.1443,8.6597,8.3268,8.2786,1024.0,32.0000,4.2803,0.4603,0.1484
135,1186.7816,8.6373,8.2446,8.1903,1024.0,32.0000,4.3398,0.4984,0.1797
136,1195.4616,8.6800,8.1491,8.0874,1024.0,32.0000,4.7285,0.5395,0.2221
137,1204.2735,8.8119,8.0493,7.9786,1024.0,32.0000,5.4829,0.5931,0.2755
138,1213.1424,8.8689,7.9747,7.8947,1024.0,32.0000,7.8142,0.6409,0.3319
139,1221.9393,8.7969,7.8811,7.7907,1024.0,32.0000,14.1125,0.6941,0.3969
140,1230.6307,8.6914,7.8364,7.7384,1024.0,32.0000,25.8804,0.7035,0.4575
141,1239.4894,8.8588,7.7326,7.6369,1024.0,32.0000,28.2664,0.6571,0.4950
142,1248.0414,8.5520,7.6475,7.5552,1024.0,32.0000,15.2845,0.5736,0.5380
143,1256.7188,8.6774,7.5680,7.4742,1024.0,32.0000,22.0964,0.5499,0.5804
144,1265.4986,8.7798,7.4647,7.3684,1024.0,32.0000,20.7682,0.5332,0.6330
145,1274.1129,8.6142,7.3473,7.2416,1024.0,32.0000,10.9887,0.5659,0.7191
146,1282.8809,8.7681,7.2968,7.1767,1024.0,32.0000,26.6796,0.6508,0.7972
147,1291.5841,8.7032,7.2173,7.0800,1024.0,32.0000,22.3772,0.7529,0.8927
148,1300.3335,8.7494,7.1389,6.9831,1024.0,32.0000,8.2349,0.8672,0.9927
149,1308.9681,8.6346,7.1129,6.9442,1024.0,32.0000,22.8513,0.9268,1.0738
150,1317.6395,8.6714,7.0176,6.8465,1024.0,32.0000,22.4919,0.8798,1.1586
151,1326.4394,8.7998,6.9785,6.8128,1024.0,32.0000,8.4172,0.8039,1.1629
152,1335.2580,8.8186,6.9520,6.7865,1024.0,32.0000,14.7265,0.7732,1.1944
153,1344.0998,8.8418,6.9098,6.7451,1024.0,32.0000,14.1315,0.7570,1.2165
154,1352.9518,8.8520,6.8212,6.6493,1024.0,32.0000,8.4116,0.7755,1.2721
155,1361.7240,8.7722,6.7586,6.5786,1024.0,32.0000,13.2788,0.8287,1.3461
156,1370.4376,8.7136,6.7829,6.5939,1024.0,32.0000,10.1054,0.9026,1.3936
157,1379.2947,8.8571,6.7512,6.5548,1024.0,32.0000,7.8586,0.9395,1.4665
158,1388.0316,8.7369,6.7160,6.5108,1024.0,32.0000,13.3813,0.9803,1.4928
159,1396.8443,8.8127,6.7054,6.4977,1024.0,32.0000,10.0162,0.9952,1.5169
160,1405.6374,8.7931,6.6607,6.4506,1024.0,32.0000,7.0696,0.9691,1.5725
161,1414.4762,8.8388,6.6430,6.4331,1024.0,32.0000,10.8517,0.9583,1.5582
162,1423.2541,8.7779,6.5996,6.3930,1024.0,32.0000,11.4678,0.9346,1.5696
163,1431.8543,8.6002,6.5254,6.3169,1024.0,32.0000,6.3121,0.9110,1.6319
164,1440.6272,8.7729,6.5183,6.3112,1024.0,32.0000,7.1879,0.9142,1.6426
165,1449.4609,8.8337,6.4914,6.2801,1024.0,32.0000,11.3949,0.9654,1.6535
166,1458.3231,8.8623,6.4359,6.2195,1024.0,32.0000,11.3495,0.9875,1.7119
167,1467.0668,8.7437,6.4412,6.2183,1024.0,32.0000,11.8644,1.0302,1.7488
168,1475.8879,8.8210,6.3509,6.1226,1024.0,32.0000,11.1492,1.0629,1.7749
169,1484.5321,8.6443,6.3803,6.1496,1024.0,32.0000,11.7245,1.0578,1.8010
170,1493.3773,8.8452,6.3103,6.0773,1024.0,32.0000,14.5915,1.0568,1.8585
171,1502.1656,8.7883,6.2855,6.0486,1024.0,32.0000,21.0070,1.0540,1.8700
172,1510.9488,8.7832,6.2877,6.0528,1024.0,32.0000,28.6535,1.0480,1.9012
173,1519.7080,8.7592,6.2666,6.0195,1024.0,32.0000,43.0151,1.0966,1.9427
174,1528.5151,8.8071,6.3097,6.0577,1024.0,32.0000,75.2808,1.2512,1.9254
175,1537.2325,8.7174,6.3420,6.0444,1024.0,32.0000,92.6105,1.5143,2.0322
176,1545.9968,8.7643,6.2205,5.9809,1024.0,32.0000,22.6500,0.9673,1.9653
177,1554.7652,8.7684,6.2615,6.0086,1024.0,32.0000,70.1465,1.2282,1.9253
178,1563.4269,8.6617,6.1685,5.9257,1024.0,32.0000,26.5965,0.9570,1.9871
179,1572.1369,8.7100,6.2457,5.9589,1024.0,32.0000,48.3740,1.3211,2.1178
180,1580.9290,8.7921,6.1550,5.8901,1024.0,32.0000,31.2357,1.0871,2.1160
181,1589.5780,8.6490,6.1503,5.8967,1024.0,32.0000,36.0362,1.0629,2.0783
182,1598.3935,8.8154,6.1601,5.9029,1024.0,32.0000,33.5263,1.1394,2.0530
183,1607.0881,8.6947,6.0810,5.8204,1024.0,32.0000,18.8047,1.0403,2.1658
184,1615.7250,8.6369,6.0875,5.7921,1024.0,32.0000,32.3870,1.2821,2.3080
185,1624.4575,8.7325,6.0244,5.7485,1024.0,32.0000,16.8699,1.1096,2.2491
186,1633.1385,8.6809,6.0382,5.7786,1024.0,32.0000,27.4491,1.0591,2.1924
187,1641.9967,8.8582,6.0488,5.7881,1024.0,32.0000,18.2579,1.0729,2.1733
188,1650.8027,8.8060,5.9940,5.7260,1024.0,32.0000,19.8312,1.0516,2.2758
189,1659.6721,8.8693,6.0058,5.7375,1024.0,32.0000,12.3832,1.0610,2.2419
190,1668.3689,8.6968,5.9745,5.7081,1024.0,32.0000,20.0997,1.0364,2.2725
191,1677.0881,8.7193,5.9601,5.6959,1024.0,32.0000,10.7741,1.0333,2.2393
192,1685.8641,8.7759,5.9269,5.6682,1024.0,32.0000,25.2343,1.0207,2.2141
193,1694.6233,8.7592,5.9068,5.6460,1024.0,32.0000,20.1976,1.0106,2.2371
194,1703.2814,8.6581,5.8961,5.6313,1024.0,32.0000,34.1488,1.0412,2.2325
195,1712.1315,8.8501,5.9093,5.6379,1024.0,32.0000,29.0725,1.0860,2.2448
196,1720.9143,8.7828,5.8744,5.6098,1024.0,32.0000,27.1258,1.0607,2.2404
197,1729.5951,8.6808,5.8669,5.6081,1024.0,32.0000,9.3123,1.0195,2.1936
198,1738.4162,8.8211,5.8222,5.5534,1024.0,32.0000,28.8381,1.0698,2.2703
199,1747.0972,8.6810,5.7651,5.5017,1024.0,32.0000,16.0978,1.0128,2.2917
200,1755.7217,8.6245,5.7395,5.4729,1024.0,32.0000,16.7158,1.0303,2.2872
201,1764.3229,8.6013,5.6891,5.4170,1024.0,32.0000,21.6010,1.0604,2.3107
202,1773.0887,8.7658,5.6961,5.4260,1024.0,32.0000,16.0644,1.0434,2.3171
203,1781.9480,8.8593,5.6676,5.4002,1024.0,32.0000,13.7691,1.0395,2.3107
204,1790.6556,8.7076,5.6240,5.3523,1024.0,32.0000,17.7954,1.0479,2.3390
205,1799.3141,8.6585,5.6382,5.3672,1024.0,32.0000,14.9065,1.0538,2.3164
206,1808.1175,8.8035,5.5807,5.3015,1024.0,32.0000,10.6098,1.0836,2.3722
207,1816.8965,8.7790,5.5431,5.2639,1024.0,32.0000,18.5792,1.0855,2.3762
208,1825.5701,8.6736,5.5198,5.2450,1024.0,32.0000,13.6745,1.0717,2.3543
209,1834.1191,8.5490,5.4360,5.1556,1024.0,32.0000,8.4913,1.0672,2.4148
210,1842.9096,8.7905,5.4490,5.1607,1024.0,32.0000,18.4438,1.1210,2.4466
211,1851.6330,8.7234,5.4188,5.1339,1024.0,32.0000,16.4741,1.1045,2.4267
212,1860.3355,8.7025,5.3629,5.0763,1024.0,32.0000,6.7255,1.0871,2.4666
213,1869.2147,8.8792,5.3188,5.0273,1024.0,32.0000,13.3387,1.1053,2.4835
214,1877.6888,8.4741,5.2776,4.9832,1024.0,32.0000,20.2499,1.1193,2.5012
215,1886.5202,8.8314,5.2388,4.9404,1024.0,32.0000,19.3293,1.1245,2.5317
216,1895.3637,8.8435,5.2300,4.9312,1024.0,32.0000,13.1152,1.1267,2.5637
217,1904.1528,8.7891,5.1819,4.8815,1024.0,32.0000,15.0493,1.1310,2.5962
218,1912.7163,8.5635,5.1559,4.8457,1024.0,32.0000,18.0617,1.1886,2.6083
219,1921.4705,8.7542,5.0815,4.7747,1024.0,32.0000,23.1906,1.1455,2.6271
220,1930.3275,8.8570,5.0371,4.7227,1024.0,32.0000,34.2138,1.1870,2.6374
221,1939.0721,8.7446,5.0275,4.7155,1024.0,32.0000,60.2513,1.1709,2.6747
222,1947.6696,8.5975,5.1247,4.7770,1024.0,32.0000,124.0359,1.4771,2.7238
223,1956.4872,8.8176,5.5208,5.1526,1024.0,32.0000,215.8285,1.9978,2.5716
224,1965.3003,8.8131,5.1448,4.7999,1024.0,32.0000,140.2685,1.4702,2.6856
225,1974.0684,8.7680,4.9831,4.6424,1024.0,32.0000,107.7274,1.4261,2.6818
226,1982.8969,8.8286,4.9864,4.6611,1024.0,32.0000,89.2858,1.2825,2.6457
227,1991.5692,8.6723,4.9470,4.6220,1024.0,32.0000,86.1859,1.2629,2.6976
228,2000.2949,8.7256,4.7256,4.3965,1024.0,32.0000,33.8349,1.2383,2.7635
229,2008.9725,8.6777,4.7788,4.4252,1024.0,32.0000,98.2415,1.4266,2.8570
230,2017.8238,8.8512,4.6638,4.3362,1024.0,32.0000,49.8261,1.1641,2.8504
231,2026.6022,8.7784,4.6033,4.2552,1024.0,32.0000,64.4683,1.3201,2.9851
232,2035.4074,8.8052,4.5958,4.2319,1024.0,32.0000,55.6575,1.4407,3.0236
233,2044.1209,8.7135,4.4698,4.1010,1024.0,32.0000,22.6004,1.4470,3.0704
234,2052.8881,8.7672,4.4142,4.0182,1024.0,32.0000,62.0530,1.6064,3.2123
235,2061.4575,8.5694,4.3518,3.9543,1024.0,32.0000,40.2720,1.5836,3.2755
236,2070.2868,8.8293,4.2083,3.8117,1024.0,32.0000,39.6940,1.4927,3.3460
237,2079.1032,8.8164,4.2010,3.8166,1024.0,32.0000,36.2740,1.4204,3.2597
238,2087.8759,8.7727,4.1477,3.7617,1024.0,32.0000,14.6565,1.4085,3.2951
239,2096.5369,8.6610,3.9931,3.5973,1024.0,32.0000,27.6210,1.4009,3.4402
240,2105.2253,8.6884,3.9884,3.5823,1024.0,32.0000,28.8129,1.4723,3.4399
241,2113.9636,8.7383,3.9026,3.4695,1024.0,32.0000,32.7308,1.6234,3.6042
242,2122.7584,8.7947,3.8005,3.3626,1024.0,32.0000,40.6711,1.6120,3.7242
243,2131.5599,8.8015,3.7595,3.3137,1024.0,32.0000,33.8914,1.6460,3.7517
244,2140.2065,8.6466,3.6949,3.2514,1024.0,32.0000,32.3588,1.5965,3.7758
245,2148.9380,8.7316,3.5852,3.1257,1024.0,32.0000,13.8216,1.6949,3.8959
246,2157.6392,8.7011,3.5049,3.0191,1024.0,32.0000,26.9942,1.8335,4.0487
247,2166.3941,8.7549,3.4002,2.9106,1024.0,32.0000,32.4982,1.8028,4.1251
248,2175.1174,8.7233,3.3334,2.8302,1024.0,32.0000,17.8434,1.8532,4.2143
249,2183.8372,8.7198,3.3148,2.7876,1024.0,32.0000,27.2667,2.0320,4.3419
250,2192.6522,8.8149,3.2694,2.7490,1024.0,32.0000,22.7858,1.9194,4.3876
251,2201.3955,8.7433,3.1631,2.6293,1024.0,32.0000,37.6986,1.9635,4.4792
252,2210.1721,8.7766,2.9959,2.4407,1024.0,32.0000,33.5706,2.0067,4.6779
253,2218.9498,8.7777,2.9784,2.4262,1024.0,32.0000,30.1511,1.9663,4.6980
254,2227.6502,8.7004,2.8802,2.3405,1024.0,32.0000,20.2111,1.8444,4.7280
255,2236.4122,8.7620,2.7942,2.2533,1024.0,32.0000,15.1902,1.8267,4.7507
256,2245.2119,8.7996,2.7971,2.2349,1024.0,32.0000,20.7586,1.9932,4.8451
257,2254.0843,8.8724,2.6117,2.0262,1024.0,32.0000,27.3670,2.1286,4.9993
258,2262.8288,8.7445,2.5166,1.9420,1024.0,32.0000,22.3266,1.9991,5.0227
259,2271.6476,8.8188,2.4799,1.9021,1024.0,32.0000,16.9408,2.0264,5.0302
260,2280.4291,8.7815,2.3501,1.7548,1024.0,32.0000,10.6995,2.1387,5.1406
261,2289.2921,8.8630,2.3426,1.7416,1024.0,32.0000,17.0878,2.1701,5.1755
262,2298.0219,8.7298,2.2291,1.6277,1024.0,32.0000,22.5810,2.1608,5.2479
263,2306.6448,8.6229,2.1854,1.5703,1024.0,32.0000,22.4156,2.2548,5.3292
264,2315.2316,8.5868,2.1026,1.4781,1024.0,32.0000,22.7139,2.2930,5.3269
265,2324.0639,8.8324,1.9772,1.3570,1024.0,32.0000,22.0702,2.1991,5.4019
266,2332.8655,8.8016,1.9725,1.3417,1024.0,32.0000,20.1609,2.2772,5.5080
267,2341.6293,8.7638,1.8662,1.2277,1024.0,32.0000,20.6978,2.2771,5.5157
268,2350.3416,8.7123,1.7605,1.1324,1024.0,32.0000,20.6190,2.1787,5.5577
269,2359.1741,8.8325,1.6815,1.0226,1024.0,32.0000,22.7151,2.3802,5.7201
270,2367.8019,8.6278,1.6553,1.0113,1024.0,32.0000,29.1684,2.2163,5.6981
271,2376.5278,8.7258,1.6481,1.0108,1024.0,32.0000,48.2544,2.1999,5.6923
272,2385.2438,8.7160,1.6260,0.9797,1024.0,32.0000,62.4145,2.1979,5.7699
273,2393.9866,8.7428,1.6310,0.9622,1024.0,32.0000,81.2411,2.4028,5.8144
274,2402.8116,8.8249,1.5383,0.8854,1024.0,32.0000,119.9878,2.2079,5.8287
275,2411.6298,8.8183,1.6124,0.9767,1024.0,32.0000,129.3579,2.1667,5.7487
276,2420.4203,8.7905,1.3896,0.7200,1024.0,32.0000,61.5897,2.2355,6.0493
277,2429.0362,8.6159,1.3943,0.7459,1024.0,32.0000,57.1910,2.1699,5.8251
278,2437.6918,8.6556,1.4381,0.7505,1024.0,32.0000,69.6079,2.4077,6.0287
279,2446.3691,8.6773,1.3636,0.7179,1024.0,32.0000,33.4664,2.1082,5.8527
280,2455.1888,8.8197,1.3078,0.6812,1024.0,32.0000,55.5159,1.9704,5.7767
281,2464.0094,8.8205,1.3307,0.6348,1024.0,32.0000,34.2667,2.3898,6.1446
282,2472.6755,8.6661,1.3128,0.6357,1024.0,32.0000,57.4399,2.2746,6.0627
283,2481.3194,8.6439,1.3654,0.7616,1024.0,32.0000,62.2932,1.9830,5.5082
284,2489.9751,8.6557,1.2194,0.5736,1024.0,32.0000,40.1706,2.0331,5.9115
285,2498.8056,8.8305,1.2818,0.5625,1024.0,32.0000,46.2278,2.6014,6.2290
286,2507.4936,8.6880,1.2121,0.5483,1024.0,32.0000,37.5497,2.1598,5.9890
287,2516.2279,8.7343,1.3053,0.6845,1024.0,32.0000,41.6362,1.9845,5.7060
288,2525.0774,8.8495,1.1955,0.5458,1024.0,32.0000,34.2218,2.0985,5.9363
289,2533.8923,8.8149,1.1789,0.5118,1024.0,32.0000,31.7588,2.1565,6.0483
290,2542.6837,8.7914,1.2254,0.5619,1024.0,32.0000,31.7999,2.2230,5.9277
291,2551.5029,8.8192,1.2287,0.5575,1024.0,32.0000,30.3299,2.2199,5.9710
292,2560.2507,8.7478,1.1749,0.5030,1024.0,32.0000,32.3985,2.2199,6.0183
293,2569.1013,8.8507,1.1701,0.5495,1024.0,32.0000,35.5716,1.9705,5.7126
294,2577.9157,8.8144,1.1711,0.5377,1024.0,32.0000,33.6735,2.0637,5.7895
295,2586.4867,8.5709,1.1723,0.5240,1024.0,32.0000,19.4125,2.1518,5.8412
296,2595.1454,8.6587,1.1720,0.5169,1024.0,32.0000,32.4398,2.2029,5.9149
297,2603.7572,8.6118,1.1572,0.5180,1024.0,32.0000,16.8268,2.1184,5.7424
298,2612.5393,8.7821,1.1234,0.4774,1024.0,32.0000,28.5997,2.1550,5.8483
299,2621.2864,8.7471,1.0680,0.4215,1024.0,32.0000,19.9938,2.1173,5.8388
300,2629.8585,8.5721,1.0853,0.4547,1024.0,32.0000,21.5041,2.0621,5.7437
301,2638.6786,8.8201,1.0727,0.4305,1024.0,32.0000,20.9422,2.1359,5.8315
302,2647.2996,8.6210,1.1438,0.5166,1024.0,32.0000,24.4593,2.0755,5.6632
303,2656.0423,8.7427,1.0509,0.3892,1024.0,32.0000,23.9968,2.2479,5.8586
304,2664.7814,8.7391,1.0799,0.4323,1024.0,32.0000,26.5590,2.1844,5.7923
305,2673.4787,8.6973,1.0795,0.4316,1024.0,32.0000,27.9186,2.2238,5.7963
306,2682.1494,8.6707,1.0655,0.4101,1024.0,32.0000,23.9585,2.2728,5.8463
307,2690.8604,8.7110,1.0621,0.4147,1024.0,32.0000,21.6681,2.2408,5.7953
308,2699.4773,8.6169,1.0346,0.3937,1024.0,32.0000,25.3915,2.1937,5.7439
309,2708.2941,8.8168,1.0567,0.4028,1024.0,32.0000,31.6817,2.3191,5.7399
310,2717.0830,8.7889,1.0299,0.3908,1024.0,32.0000,19.2031,2.1702,5.7436
311,2725.9517,8.8687,1.0379,0.4087,1024.0,32.0000,35.5621,2.1297,5.6282
312,2734.5505,8.5988,1.0109,0.3771,1024.0,32.0000,21.8607,2.1417,5.7223
313,2743.2846,8.7341,1.0939,0.4692,1024.0,32.0000,26.9950,2.1273,5.6245
314,2752.1097,8.8252,1.0339,0.3748,1024.0,32.0000,26.1960,2.3162,5.8297
315,2760.9053,8.7955,1.0221,0.3552,1024.0,32.0000,26.6739,2.3868,5.8260
316,2769.5808,8.6756,1.0053,0.3451,1024.0,32.0000,17.6082,2.3693,5.7977
317,2778.2965,8.7156,1.0253,0.3650,1024.0,32.0000,27.2199,2.3834,5.8181
318,2787.0374,8.7409,1.0002,0.3612,1024.0,32.0000,22.5688,2.2667,5.6994
319,2795.7335,8.6961,1.0314,0.3712,1024.0,32.0000,24.2907,2.4315,5.7930
320,2804.5671,8.8337,1.0186,0.3436,1024.0,32.0000,23.8661,2.5004,5.7793
321,2813.1886,8.6215,1.0181,0.3578,1024.0,32.0000,19.8740,2.4145,5.7358
322,2822.0203,8.8317,0.9992,0.3487,1024.0,32.0000,23.5568,2.3578,5.6765
323,2830.6060,8.5857,1.0427,0.4050,1024.0,32.0000,31.5848,2.3209,5.5532
324,2839.2723,8.6663,1.0092,0.3414,1024.0,32.0000,27.7453,2.4698,5.7644
325,2848.1465,8.8742,0.9826,0.3137,1024.0,32.0000,21.0467,2.4889,5.7572
326,2856.8515,8.7050,0.9935,0.3546,1024.0,32.0000,22.6581,2.3155,5.5715
327,2865.6837,8.8321,0.9769,0.3304,1024.0,32.0000,22.5969,2.3681,5.6538
328,2874.4602,8.7765,1.0082,0.3630,1024.0,32.0000,22.5517,2.4089,5.5500
329,2883.2388,8.7786,0.9423,0.2839,1024.0,32.0000,14.1079,2.4446,5.6943
330,2891.9576,8.7188,0.9808,0.3273,1024.0,32.0000,21.9204,2.4003,5.6280
331,2900.7937,8.8361,0.9229,0.2848,1024.0,32.0000,15.3852,2.2841,5.5948
332,2909.5411,8.7473,0.9731,0.3365,1024.0,32.0000,20.4155,2.2898,5.5916
333,2918.2922,8.7511,0.9260,0.2708,1024.0,32.0000,12.7831,2.4142,5.6569
334,2927.0373,8.7451,0.9662,0.3042,1024.0,32.0000,18.3352,2.4647,5.7086
335,2935.8173,8.7800,0.9077,0.2348,1024.0,32.0000,15.3902,2.4769,5.8568
336,2944.5770,8.7596,0.9732,0.3266,1024.0,32.0000,21.7073,2.3673,5.6358
337,2953.4412,8.8642,0.9200,0.2695,1024.0,32.0000,13.3784,2.3675,5.7131
338,2962.2003,8.7591,0.9591,0.3249,1024.0,32.0000,19.3548,2.3005,5.5748
339,2970.8649,8.6646,0.9408,0.2930,1024.0,32.0000,18.3965,2.4139,5.6051
340,2979.4442,8.5793,0.9370,0.2757,1024.0,32.0000,16.9954,2.5266,5.6752
341,2988.1938,8.7495,0.9183,0.2622,1024.0,32.0000,15.3635,2.4928,5.6338
342,2996.9259,8.7322,0.9290,0.2827,1024.0,32.0000,20.0972,2.4435,5.5749
343,3005.5446,8.6187,0.9109,0.2618,1024.0,32.0000,19.7323,2.4550,5.6051
344,3014.3320,8.7874,0.9125,0.2617,1024.0,32.0000,16.1686,2.4606,5.6128
345,3022.8764,8.5444,0.9017,0.2511,1024.0,32.0000,16.3825,2.4739,5.5788
346,3031.6028,8.7265,0.9270,0.2684,1024.0,32.0000,19.8498,2.5174,5.6174
347,3040.3260,8.7232,0.9036,0.2481,1024.0,32.0000,18.1221,2.4944,5.5735
348,3048.9608,8.6348,0.8782,0.2191,1024.0,32.0000,11.2170,2.4988,5.6735
349,3057.7542,8.7934,0.8959,0.2470,1024.0,32.0000,17.7918,2.4729,5.5291
350,3066.3880,8.6338,0.9393,0.2937,1024.0,32.0000,21.2694,2.4959,5.5227
351,3074.8724,8.4844,0.9291,0.2550,1024.0,32.0000,14.6122,2.6780,5.6613
352,3083.6580,8.7856,0.9109,0.2108,1024.0,32.0000,19.2312,2.8352,5.8111
353,3092.4188,8.7608,0.8807,0.1924,1024.0,32.0000,13.0852,2.7447,5.7638
354,3101.1731,8.7544,0.8699,0.2161,1024.0,32.0000,16.2696,2.5544,5.5860
355,3109.9482,8.7750,0.9036,0.2810,1024.0,32.0000,29.1860,2.4099,5.3625
356,3118.6705,8.7224,0.8687,0.2228,1024.0,32.0000,14.5625,2.5242,5.5307
357,3127.3384,8.6679,0.8761,0.2029,1024.0,32.0000,12.0985,2.7318,5.5780
358,3136.1086,8.7701,0.8841,0.2011,1024.0,32.0000,14.2732,2.8088,5.6295
359,3144.9179,8.8093,0.8619,0.1916,1024.0,32.0000,13.6758,2.6695,5.5727
360,3153.6563,8.7384,0.8769,0.2177,1024.0,32.0000,15.5190,2.5834,5.5231
361,3162.3785,8.7221,0.8735,0.2125,1024.0,32.0000,10.8958,2.5815,5.5524
362,3171.0966,8.7182,0.8487,0.1899,1024.0,32.0000,7.6364,2.5428,5.6093
363,3179.9449,8.8483,0.8706,0.2253,1024.0,32.0000,13.9052,2.4824,5.5209
364,3188.7868,8.8418,0.8344,0.1953,1024.0,32.0000,7.4997,2.4310,5.4678
365,3197.5686,8.7819,0.8644,0.2390,1024.0,32.0000,13.9532,2.3956,5.3302
366,3206.3250,8.7564,0.8629,0.2292,1024.0,32.0000,19.5578,2.4402,5.4028
367,3215.1153,8.7903,0.8547,0.1892,1024.0,32.0000,9.7218,2.6574,5.5681
368,3223.8751,8.7597,0.8808,0.1981,1024.0,32.0000,10.5561,2.8327,5.6105
369,3232.7071,8.8320,0.8270,0.1355,1024.0,32.0000,11.1389,2.8616,5.7220
370,3241.4958,8.7887,0.8328,0.1668,1024.0,32.0000,12.5409,2.7170,5.5688
371,3250.0779,8.5821,0.8397,0.1928,1024.0,32.0000,14.9686,2.6180,5.4386
372,3258.7801,8.7022,0.8128,0.1624,1024.0,32.0000,5.7010,2.6178,5.4391
373,3267.5122,8.7321,0.8310,0.1902,1024.0,32.0000,10.9658,2.5464,5.4284
374,3276.0416,8.5294,0.8079,0.1696,1024.0,32.0000,8.7823,2.5146,5.3865
375,3284.7820,8.7404,0.8580,0.2206,1024.0,32.0000,18.4628,2.5126,5.3484
376,3293.6389,8.8568,0.8269,0.1746,1024.0,32.0000,16.0482,2.5934,5.4507
377,3302.4306,8.7917,0.8450,0.1775,1024.0,32.0000,16.0186,2.7108,5.5233
378,3311.3039,8.8733,0.8357,0.1704,1024.0,32.0000,11.8870,2.6903,5.5582
379,3319.9987,8.6948,0.8098,0.1508,1024.0,32.0000,11.6539,2.6635,5.5054
380,3328.8234,8.8247,0.7967,0.1517,1024.0,32.0000,13.2645,2.5910,5.4456
381,3337.3341,8.5106,0.8026,0.1626,1024.0,32.0000,12.0173,2.5965,5.3892
382,3345.8927,8.5586,0.8618,0.2319,1024.0,32.0000,20.8402,2.5572,5.2957
383,3354.5274,8.6347,0.7837,0.1360,1024.0,32.0000,8.0406,2.5980,5.4729
384,3363.3402,8.8128,0.8328,0.1665,1024.0,32.0000,18.2090,2.7521,5.4549
385,3372.0171,8.6769,0.8565,0.1920,1024.0,32.0000,21.5558,2.7455,5.4546
386,3380.7535,8.7364,0.7957,0.1297,1024.0,32.0000,11.4692,2.6981,5.5366
387,3389.5495,8.7960,0.7992,0.1453,1024.0,32.0000,12.2126,2.6192,5.4527
388,3398.3429,8.7935,0.7910,0.1407,1024.0,32.0000,15.8586,2.6105,5.4698
389,3407.1446,8.8017,0.8482,0.2234,1024.0,32.0000,17.7026,2.4940,5.2916
390,3415.9677,8.8231,0.8891,0.2652,1024.0,32.0000,22.6028,2.5026,5.2315
391,3424.7718,8.8040,0.8177,0.1681,1024.0,32.0000,12.1918,2.6075,5.4571
392,3433.3743,8.6025,0.8257,0.1565,1024.0,32.0000,11.2506,2.7356,5.5703
393,3442.1593,8.7850,0.8181,0.1514,1024.0,32.0000,12.5271,2.7335,5.5282
394,3450.9979,8.8386,0.8267,0.1749,1024.0,32.0000,12.9410,2.6575,5.4452
395,3459.6064,8.6085,0.7910,0.1363,1024.0,32.0000,9.2553,2.6520,5.4880
396,3468.3521,8.7457,0.8643,0.2086,1024.0,32.0000,23.4410,2.8015,5.3700
397,3477.0813,8.7293,0.8387,0.1749,1024.0,32.0000,15.1574,2.8323,5.4022
398,3485.5052,8.4239,0.8178,0.1449,1024.0,32.0000,16.0898,2.8762,5.4741
399,3494.3083,8.8032,0.7895,0.1203,1024.0,32.0000,12.3434,2.8028,5.4492
400,3502.9010,8.5927,0.8050,0.1578,1024.0,32.0000,14.4781,2.6969,5.3293
401,3511.7433,8.8423,0.8595,0.2330,1024.0,32.0000,20.5826,2.5866,5.1985
402,3520.4643,8.7210,0.7819,0.1254,1024.0,32.0000,9.6607,2.7229,5.4619
403,3529.0953,8.6310,0.7757,0.0979,1024.0,32.0000,8.9262,2.8480,5.5735
404,3537.8381,8.7428,0.7857,0.1044,1024.0,32.0000,11.2702,2.8926,5.5191
405,3546.5222,8.6840,0.7661,0.1069,1024.0,32.0000,9.1261,2.7460,5.4091
406,3555.1587,8.6365,0.7654,0.1247,1024.0,32.0000,9.0272,2.6302,5.3141
407,3563.9855,8.8268,0.7617,0.1346,1024.0,32.0000,12.3881,2.5485,5.2297
408,3572.8256,8.8401,0.7796,0.1511,1024.0,32.0000,13.1955,2.5566,5.2604
409,3581.6316,8.8060,0.7517,0.1133,1024.0,32.0000,9.9390,2.5930,5.3331
410,3590.3551,8.7235,0.7326,0.0942,1024.0,32.0000,6.3730,2.5784,5.3337
411,3599.0057,8.6506,0.7470,0.1124,1024.0,32.0000,10.6983,2.5732,5.2332
412,3607.6538,8.6481,0.7696,0.1393,1024.0,32.0000,9.3214,2.5972,5.1982
413,3616.4263,8.7725,0.7173,0.0739,1024.0,32.0000,9.3758,2.6891,5.2341
414,3625.2471,8.8208,0.7262,0.0825,1024.0,32.0000,9.2028,2.7338,5.2333
415,3634.0535,8.8064,0.7536,0.1096,1024.0,32.0000,15.0038,2.7736,5.2109
416,3642.8245,8.7709,0.7244,0.0568,1024.0,32.0000,8.1057,2.8689,5.4008
417,3651.5473,8.7228,0.7463,0.0761,1024.0,32.0000,8.7663,2.9109,5.3752
418,3660.3342,8.7869,0.7062,0.0428,1024.0,32.0000,7.5895,2.8175,5.3673
419,3669.2336,8.8994,0.7369,0.0914,1024.0,32.0000,13.1705,2.7111,5.3060
420,3677.9758,8.7422,0.7047,0.0741,1024.0,32.0000,8.2936,2.6003,5.2113
421,3686.7743,8.7985,0.7259,0.1116,1024.0,32.0000,13.0717,2.5092,5.1176
422,3695.4932,8.7189,0.7419,0.1216,1024.0,32.0000,12.8661,2.5588,5.1023
423,3704.2464,8.7532,0.6890,0.0443,1024.0,32.0000,6.7339,2.6986,5.3092
424,3712.8665,8.6201,0.7326,0.0840,1024.0,32.0000,14.9194,2.7731,5.2338
425,3721.6344,8.7679,0.7204,0.0646,1024.0,32.0000,9.9683,2.7989,5.2942
426,3730.4064,8.7720,0.7092,0.0532,1024.0,32.0000,12.2856,2.8013,5.2946
427,3739.2115,8.8051,0.6823,0.0312,1024.0,32.0000,7.8281,2.7274,5.3267
428,3747.8913,8.6798,0.7187,0.0847,1024.0,32.0000,12.5952,2.6767,5.1603
429,3756.6088,8.7175,0.6913,0.0593,1024.0,32.0000,8.2417,2.6451,5.1966
430,3765.4318,8.8230,0.7301,0.1005,1024.0,32.0000,13.2280,2.6582,5.1373
431,3774.2245,8.7927,0.6828,0.0474,1024.0,32.0000,11.4434,2.6802,5.1986
432,3782.8597,8.6352,0.7069,0.0694,1024.0,32.0000,13.1428,2.7149,5.1723
433,3791.6024,8.7427,0.6706,0.0292,1024.0,32.0000,10.3757,2.7142,5.2390
434,3800.4056,8.8033,0.7222,0.1052,1024.0,32.0000,19.7622,2.5673,5.0637
435,3809.2498,8.8442,0.7274,0.1173,1024.0,32.0000,12.7853,2.5336,5.0317
436,3818.1234,8.8736,0.6986,0.0671,1024.0,32.0000,16.1413,2.6217,5.1728
437,3826.6645,8.5410,0.6885,0.0574,1024.0,32.0000,8.3964,2.6045,5.1665
438,3835.4783,8.8138,0.6845,0.0543,1024.0,32.0000,16.2731,2.6203,5.1935
439,3844.3120,8.8337,0.6845,0.0659,1024.0,32.0000,8.4125,2.5546,5.0904
440,3853.0366,8.7245,0.7202,0.1081,1024.0,32.0000,21.0937,2.5331,5.0746
441,3861.6796,8.6431,0.6629,0.0609,1024.0,32.0000,6.9697,2.4538,5.0630
442,3870.3100,8.6304,0.6979,0.0991,1024.0,32.0000,16.1490,2.4843,4.9378
443,3878.9356,8.6256,0.6749,0.0541,1024.0,32.0000,14.9093,2.6193,5.0952
444,3887.6016,8.6660,0.6953,0.0725,1024.0,32.0000,13.4445,2.6337,5.0635
445,3896.3615,8.7598,0.6720,0.0416,1024.0,32.0000,8.6640,2.6574,5.1428
446,3905.1180,8.7566,0.7064,0.0756,1024.0,32.0000,11.4176,2.6824,5.1301
447,3913.8075,8.6894,0.6663,0.0278,1024.0,32.0000,7.8568,2.6864,5.1970
448,3922.6704,8.8629,0.6493,0.0157,1024.0,32.0000,7.6794,2.6739,5.1479
449,3931.4225,8.7521,0.6628,0.0427,1024.0,32.0000,9.5217,2.6022,5.0560
450,3940.1163,8.6939,0.6901,0.0778,1024.0,32.0000,11.2783,2.5946,4.9721
451,3948.9680,8.8517,0.6769,0.0649,1024.0,32.0000,17.3350,2.6087,4.9942
452,3957.6177,8.6497,0.6680,0.0569,1024.0,32.0000,8.8015,2.5607,5.0304
453,3966.3749,8.7571,0.6513,0.0263,1024.0,32.0000,9.7457,2.6502,5.0965
454,3975.2157,8.8409,0.6610,0.0210,1024.0,32.0000,11.8533,2.7593,5.1788
455,3984.0238,8.8081,0.6788,0.0662,1024.0,32.0000,16.5978,2.5628,5.0485
456,3992.8801,8.8563,0.6355,0.0365,1024.0,32.0000,7.2211,2.4122,5.0208
457,4001.7045,8.8244,0.6699,0.0769,1024.0,32.0000,16.6983,2.4002,4.9634
458,4010.3168,8.6123,0.6478,0.0478,1024.0,32.0000,4.6954,2.4435,4.9756
459,4019.1283,8.8115,0.6505,0.0397,1024.0,32.0000,11.7896,2.5451,4.9900
460,4027.8861,8.7577,0.6700,0.0567,1024.0,32.0000,11.9859,2.5869,4.9346
461,4036.7061,8.8201,0.6520,0.0366,1024.0,32.0000,13.9768,2.6127,4.9724
462,4045.3426,8.6365,0.6496,0.0483,1024.0,32.0000,11.9197,2.5250,4.9185
463,4054.0240,8.6815,0.6508,0.0615,1024.0,32.0000,12.0260,2.4283,4.9122
464,4062.8364,8.8123,0.6571,0.0585,1024.0,32.0000,13.0791,2.5273,4.9004
465,4071.4551,8.6187,0.6587,0.0421,1024.0,32.0000,8.3039,2.6592,5.0222
466,4080.2295,8.7744,0.6567,0.0273,1024.0,32.0000,10.2895,2.7194,5.0950
467,4088.9936,8.7640,0.6735,0.0417,1024.0,32.0000,15.3782,2.7313,5.1538
468,4097.6650,8.6714,0.6550,0.0400,1024.0,32.0000,8.2826,2.5979,5.0830
469,4106.4619,8.7969,0.6472,0.0405,1024.0,32.0000,9.4621,2.5471,5.0456
470,4115.2312,8.7693,0.6610,0.0606,1024.0,32.0000,12.1744,2.5434,4.9257
471,4123.8405,8.6093,0.6427,0.0293,1024.0,32.0000,11.9560,2.6387,4.9468
472,4132.5909,8.7503,0.6336,0.0274,1024.0,32.0000,10.5248,2.5846,4.8859
473,4141.2324,8.6415,0.6827,0.0745,1024.0,32.0000,16.4096,2.6192,4.8652
474,4150.0770,8.8446,0.6346,0.0303,1024.0,32.0000,11.2187,2.5137,4.9529
475,4158.9217,8.8447,0.6595,0.0433,1024.0,32.0000,10.8123,2.6656,4.9960
476,4167.6027,8.6810,0.6518,0.0192,1024.0,32.0000,11.3953,2.7875,5.0967
477,4176.2808,8.6782,0.6392,0.0071,1024.0,32.0000,10.3436,2.7946,5.1018
478,4185.1117,8.8309,0.6596,0.0672,1024.0,32.0000,16.8777,2.5098,4.9217
479,4193.9282,8.8165,0.6474,0.0688,1024.0,32.0000,8.8372,2.3731,4.8438
480,4202.5474,8.6192,0.6560,0.0756,1024.0,32.0000,14.8644,2.3649,4.8613
481,4211.3080,8.7607,0.6284,0.0566,1024.0,32.0000,6.1710,2.2879,4.7864
482,4220.0146,8.7066,0.6040,0.0258,1024.0,32.0000,9.3208,2.3266,4.8065
483,4228.8223,8.8077,0.6458,0.0573,1024.0,32.0000,10.4697,2.4565,4.7594
484,4237.3161,8.4938,0.6259,0.0053,1024.0,32.0000,14.7222,2.6683,4.9506
485,4246.1477,8.8316,0.6602,0.0650,1024.0,32.0000,13.2069,2.5151,4.8056
486,4254.9484,8.8007,0.6476,0.0822,1024.0,32.0000,16.0774,2.2908,4.7278
487,4263.5200,8.5716,0.6256,0.0580,1024.0,32.0000,10.4555,2.2768,4.7520
488,4272.3278,8.8078,0.6306,0.0442,1024.0,32.0000,10.0923,2.3889,4.8882
489,4281.0359,8.7081,0.6292,0.0400,1024.0,32.0000,10.7029,2.4002,4.9409
490,4289.8898,8.8539,0.6256,0.0375,1024.0,32.0000,7.0427,2.4162,4.9340
491,4298.7439,8.8541,0.6282,0.0388,1024.0,32.0000,11.9688,2.4462,4.9002
492,4307.3100,8.5661,0.6270,0.0453,1024.0,32.0000,10.1621,2.3920,4.8764
493,4316.0542,8.7442,0.6602,0.0928,1024.0,32.0000,19.0769,2.3371,4.7139
494,4324.8554,8.8012,0.5889,0.0089,1024.0,32.0000,7.2530,2.3925,4.8325
495,4333.4747,8.6193,0.5997,0.0145,1024.0,32.0000,9.5287,2.4469,4.8454
496,4342.3323,8.8577,0.6297,0.0524,1024.0,32.0000,15.0578,2.4270,4.7129
497,4351.1124,8.7801,0.6138,0.0294,1024.0,32.0000,9.8375,2.4174,4.8157
498,4359.7107,8.5983,0.6189,0.0268,1024.0,32.0000,13.5461,2.4667,4.8201
499,4368.5139,8.8031,0.6281,0.0479,1024.0,32.0000,10.2728,2.3893,4.7864
500,4377.2128,8.6989,0.6205,0.0351,1024.0,32.0000,12.5117,2.4318,4.7767
501,4385.9532,8.7404,0.6155,0.0386,1024.0,32.0000,11.6557,2.3465,4.7524
502,4394.7738,8.8205,0.5919,0.0202,1024.0,32.0000,9.4779,2.2914,4.7952
503,4403.4882,8.7144,0.6274,0.0635,1024.0,32.0000,13.0420,2.2715,4.7246
504,4412.2489,8.7607,0.6206,0.0462,1024.0,32.0000,13.2950,2.3666,4.7955
505,4421.0035,8.7547,0.6242,0.0193,1024.0,32.0000,8.3163,2.6384,4.9538
506,4429.7455,8.7420,0.6286,-0.0000,1024.0,32.0000,10.2492,2.8327,5.0255
507,4438.5751,8.8296,0.6548,0.0612,1024.0,32.0000,16.5266,2.5942,4.8298
508,4447.2260,8.6509,0.6010,0.0344,1024.0,32.0000,11.3720,2.3334,4.7185
509,4456.0628,8.8368,0.6441,0.0778,1024.0,32.0000,20.3992,2.3413,4.7234
510,4464.9328,8.8700,0.6261,0.0573,1024.0,32.0000,13.1533,2.3278,4.7264
511,4473.5056,8.5727,0.6454,0.0614,1024.0,32.0000,20.3845,2.4528,4.7547
512,4482.2588,8.7532,0.6363,0.0450,1024.0,32.0000,7.6098,2.4606,4.8124
513,4491.0629,8.8042,0.6159,0.0161,1024.0,32.0000,12.3963,2.5118,4.8605
514,4499.6799,8.6169,0.6038,0.0221,1024.0,32.0000,10.6007,2.3737,4.7877
515,4508.4865,8.8067,0.6370,0.0891,1024.0,32.0000,11.3178,2.1593,4.6247
516,4517.2025,8.7160,0.6145,0.0675,1024.0,32.0000,10.8388,2.1786,4.6321
517,4526.0151,8.8126,0.6098,0.0478,1024.0,32.0000,8.7901,2.2929,4.7090
518,4534.7706,8.7555,0.5921,0.0094,1024.0,32.0000,9.9132,2.4478,4.7947
519,4543.6358,8.8652,0.6268,0.0379,1024.0,32.0000,13.7057,2.5182,4.7783
520,4552.4683,8.8325,0.6172,0.0115,1024.0,32.0000,10.9982,2.5991,4.9237
521,4561.2797,8.8114,0.6191,0.0316,1024.0,32.0000,13.4303,2.4505,4.8301
522,4570.0609,8.7811,0.6304,0.0716,1024.0,32.0000,15.0224,2.2666,4.6465
523,4578.7644,8.7035,0.5993,0.0476,1024.0,32.0000,7.0299,2.2105,4.6683
524,4587.6037,8.8393,0.6150,0.0552,1024.0,32.0000,15.7192,2.2887,4.6797
525,4596.2755,8.6718,0.6010,0.0393,1024.0,32.0000,11.9333,2.3013,4.6624
526,4604.9921,8.7166,0.6134,0.0613,1024.0,32.0000,11.8244,2.2328,4.6171
527,4613.8272,8.8351,0.5834,0.0151,1024.0,32.0000,8.3910,2.3090,4.7334
528,4622.6217,8.7945,0.6233,0.0593,1024.0,32.0000,13.7015,2.2955,4.6658
529,4631.3946,8.7729,0.5825,0.0060,1024.0,32.0000,7.9642,2.3695,4.7427
530,4640.1378,8.7432,0.6089,0.0429,1024.0,32.0000,11.1349,2.3347,4.6567
531,4648.9628,8.8250,0.5999,0.0393,1024.0,32.0000,9.3335,2.3239,4.6170
532,4657.5636,8.6008,0.5886,0.0121,1024.0,32.0000,10.9742,2.4691,4.6947
533,4666.3399,8.7763,0.6146,0.0623,1024.0,32.0000,12.8983,2.3170,4.5526
534,4675.2027,8.8628,0.5851,0.0361,1024.0,32.0000,10.9786,2.2678,4.5681
535,4683.9265,8.7238,0.5723,0.0202,1024.0,32.0000,8.3225,2.2639,4.5853
536,4692.7902,8.8637,0.5962,0.0412,1024.0,32.0000,14.2274,2.3106,4.5732
537,4701.5246,8.7344,0.5733,0.0208,1024.0,32.0000,7.6184,2.2664,4.5892
538,4710.2363,8.7117,0.5729,0.0073,1024.0,32.0000,7.5797,2.3749,4.6486
539,4719.0080,8.7717,0.5925,0.0374,1024.0,32.0000,13.4356,2.2964,4.6195
540,4727.8378,8.8298,0.5790,0.0318,1024.0,32.0000,10.6316,2.2262,4.5717
541,4736.6310,8.7932,0.5917,0.0427,1024.0,32.0000,11.8535,2.2408,4.5314
542,4745.3731,8.7421,0.5740,0.0139,1024.0,32.0000,15.4810,2.2965,4.6097
543,4754.1687,8.7955,0.6204,0.1057,1024.0,32.0000,10.9880,1.9712,4.3783
544,4763.0521,8.8834,0.5841,0.0773,1024.0,32.0000,8.4518,1.9049,4.3872
545,4771.7172,8.6651,0.5850,0.0667,1024.0,32.0000,11.4202,2.0056,4.4290
546,4780.5483,8.8310,0.5803,0.0402,1024.0,32.0000,12.2504,2.1693,4.5321
547,4789.3545,8.8062,0.5650,0.0051,1024.0,32.0000,9.6507,2.3121,4.6623
548,4798.1430,8.7885,0.6103,0.0445,1024.0,32.0000,13.4488,2.4032,4.6821
549,4806.9378,8.7949,0.5877,0.0189,1024.0,32.0000,14.3897,2.4058,4.6975
550,4815.7650,8.8272,0.5945,0.0389,1024.0,32.0000,12.4881,2.3051,4.6596
551,4824.4472,8.6822,0.5603,0.0132,1024.0,32.0000,7.5365,2.2089,4.6248
552,4833.2234,8.7762,0.5836,0.0546,1024.0,32.0000,11.1645,2.0547,4.4863
553,4842.0655,8.8421,0.5771,0.0544,1024.0,32.0000,6.5312,1.9875,4.4514
554,4850.9048,8.8393,0.5736,0.0433,1024.0,32.0000,6.8511,2.0480,4.4796
555,4859.7247,8.8199,0.5645,0.0234,1024.0,32.0000,8.7217,2.1151,4.5308
556,4868.3998,8.6752,0.5833,0.0653,1024.0,32.0000,11.0227,1.9786,4.3598
557,4877.2731,8.8733,0.5780,0.0679,1024.0,32.0000,10.8333,1.9214,4.3627
558,4886.0266,8.7535,0.5927,0.0728,1024.0,32.0000,13.7765,2.0055,4.4161
559,4894.7683,8.7418,0.5796,0.0401,1024.0,32.0000,9.2665,2.1266,4.5769
560,4903.6037,8.8354,0.6096,0.0533,1024.0,32.0000,10.9586,2.2744,4.6751
561,4912.3205,8.7168,0.6306,0.0545,1024.0,32.0000,10.2195,2.4660,4.7591
562,4920.9016,8.5811,0.5992,0.0116,1024.0,32.0000,7.2736,2.5068,4.8816
563,4929.6104,8.7088,0.6092,0.0346,1024.0,32.0000,12.7589,2.4072,4.7679
564,4938.3338,8.7234,0.6094,0.0553,1024.0,32.0000,13.1954,2.2940,4.6201
565,4946.8873,8.5535,0.5876,0.0362,1024.0,32.0000,14.6370,2.2926,4.5585
566,4955.4985,8.6112,0.6035,0.0506,1024.0,32.0000,15.3854,2.2647,4.5763
567,4964.3413,8.8428,0.5738,0.0240,1024.0,32.0000,9.2078,2.1926,4.5902
568,4973.1602,8.8189,0.5787,0.0456,1024.0,32.0000,10.3959,2.0754,4.4864
569,4981.7112,8.5510,0.6095,0.0879,1024.0,32.0000,15.1574,2.0265,4.3739
570,4990.4257,8.7145,0.5754,0.0447,1024.0,32.0000,8.0788,2.1093,4.4477
571,4999.1488,8.7231,0.5739,0.0239,1024.0,32.0000,8.6131,2.2832,4.5264
572,5007.6349,8.4861,0.5836,0.0294,1024.0,32.0000,14.4306,2.3499,4.5550
573,5016.3171,8.6822,0.5560,0.0047,1024.0,32.0000,8.9195,2.2975,4.5564
574,5025.1732,8.8561,0.5626,0.0242,1024.0,32.0000,8.6459,2.1913,4.5322
575,5033.8565,8.6832,0.5809,0.0624,1024.0,32.0000,11.5895,2.0432,4.3856
576,5042.5298,8.6734,0.5815,0.0664,1024.0,32.0000,9.8214,2.0448,4.3231
577,5051.3960,8.8662,0.5672,0.0439,1024.0,32.0000,8.9919,2.0903,4.3927
578,5060.2232,8.8271,0.5574,0.0142,1024.0,32.0000,10.2213,2.2204,4.4968
579,5068.9945,8.7713,0.5664,0.0155,1024.0,32.0000,7.7573,2.2591,4.5589
580,5077.7899,8.7953,0.5815,0.0411,1024.0,32.0000,11.7563,2.2126,4.4572
581,5086.6329,8.8430,0.5635,0.0121,1024.0,32.0000,9.4174,2.2398,4.5529
582,5095.3726,8.7397,0.5937,0.0578,1024.0,32.0000,16.9097,2.1267,4.5351
583,5104.1697,8.7971,0.5471,0.0082,1024.0,32.0000,6.5061,2.1091,4.5677
584,5112.8822,8.7124,0.5756,0.0462,1024.0,32.0000,10.8588,2.0865,4.4738
585,5121.5255,8.6433,0.5704,0.0443,1024.0,32.0000,9.8906,2.0805,4.4345
586,5130.3596,8.8341,0.5561,0.0241,1024.0,32.0000,6.7701,2.1448,4.4144
587,5139.1305,8.7709,0.5722,0.0262,1024.0,32.0000,13.8796,2.2895,4.4749
588,5147.8301,8.6996,0.5582,0.0215,1024.0,32.0000,7.9106,2.1836,4.4706
589,5156.4318,8.6016,0.5915,0.0702,1024.0,32.0000,11.9611,2.0938,4.3500
590,5165.1905,8.7587,0.5467,0.0190,1024.0,32.0000,6.6885,2.0919,4.4553
591,5173.8969,8.7064,0.5648,0.0333,1024.0,32.0000,7.4316,2.1311,4.4742
592,5182.6281,8.7312,0.5550,0.0195,1024.0,32.0000,6.0771,2.1382,4.5267
593,5191.4046,8.7766,0.5705,0.0500,1024.0,32.0000,10.9201,2.0564,4.4258
594,5200.0682,8.6636,0.5643,0.0451,1024.0,32.0000,10.5391,2.0450,4.4245
595,5208.8572,8.7890,0.5544,0.0196,1024.0,32.0000,8.8259,2.1192,4.4992
596,5217.6822,8.8250,0.5944,0.0710,1024.0,32.0000,11.4557,2.0668,4.4586
597,5226.3703,8.6881,0.5529,0.0233,1024.0,32.0000,8.0486,2.0706,4.5250
598,5235.0981,8.7278,0.5622,0.0398,1024.0,32.0000,6.6479,2.0471,4.4665
599,5243.8531,8.7550,0.5437,0.0161,1024.0,32.0000,7.2282,2.0909,4.4870
600,5253.2027,9.3495,0.5513,0.0368,1024.0,32.0000,10.2299,2.0254,4.3885
601,5261.9763,8.7737,0.5539,0.0559,1024.0,32.0000,12.0129,1.8829,4.3152
602,5270.6502,8.6738,0.5395,0.0327,1024.0,32.0000,7.0833,1.9328,4.3503
603,5279.4571,8.8069,0.5453,0.0219,1024.0,32.0000,9.5009,2.0564,4.4132
604,5288.1958,8.7387,0.5353,0.0229,1024.0,32.0000,8.6137,2.0091,4.3646
605,5296.9580,8.7622,0.5345,0.0330,1024.0,32.0000,11.0373,1.9505,4.2525
606,5305.7169,8.7589,0.5357,0.0265,1024.0,32.0000,9.3044,1.9889,4.2963
607,5314.4407,8.7238,0.5356,0.0275,1024.0,32.0000,10.5618,1.9990,4.3057
608,5323.2214,8.7807,0.5553,0.0361,1024.0,32.0000,8.8571,2.0762,4.3735
609,5332.0397,8.8183,0.5478,0.0133,1024.0,32.0000,8.9392,2.1773,4.4660
610,5340.6639,8.6241,0.5391,0.0007,1024.0,32.0000,6.1899,2.1623,4.5200
611,5349.4605,8.7967,0.5661,0.0514,1024.0,32.0000,11.5913,1.9937,4.3914
612,5358.0747,8.6142,0.5369,0.0193,1024.0,32.0000,7.4758,1.9916,4.4222
613,5366.8965,8.8218,0.5500,0.0146,1024.0,32.0000,9.0007,2.1407,4.4804
614,5375.7168,8.8202,0.5517,0.0246,1024.0,32.0000,9.0943,2.0851,4.4320
615,5384.5591,8.8423,0.5398,0.0206,1024.0,32.0000,5.5001,1.9898,4.4279
616,5393.3706,8.8116,0.5344,0.0225,1024.0,32.0000,8.3592,1.9564,4.4254
617,5402.1898,8.8191,0.5578,0.0524,1024.0,32.0000,8.9577,1.9528,4.3071
618,5411.0138,8.8240,0.5398,0.0202,1024.0,32.0000,8.1544,2.0937,4.3643
619,5419.7985,8.7847,0.5403,-0.0000,1024.0,32.0000,6.7210,2.2476,4.4502
620,5428.4455,8.6471,0.5790,0.0572,1024.0,32.0000,13.0559,2.1390,4.3043
621,5437.2695,8.8239,0.5267,0.0166,1024.0,32.0000,8.9915,2.0310,4.3051
622,5446.0063,8.7368,0.5507,0.0490,1024.0,32.0000,8.6007,1.9898,4.2674
623,5454.8674,8.8610,0.5547,0.0476,1024.0,32.0000,10.9511,2.0003,4.3108
624,5463.5196,8.6522,0.5454,0.0169,1024.0,32.0000,5.9797,2.1535,4.4219
625,5472.3859,8.8663,0.5404,0.0170,1024.0,32.0000,7.8532,2.1469,4.3376
626,5481.0250,8.6392,0.5175,0.0058,1024.0,32.0000,6.5185,2.0419,4.2823
627,5489.7322,8.7072,0.5376,0.0444,1024.0,32.0000,8.8530,1.9303,4.1437
628,5498.4358,8.7036,0.5094,0.0118,1024.0,32.0000,8.5304,1.9511,4.1868
629,5507.1867,8.7510,0.5494,0.0367,1024.0,32.0000,9.6539,2.0657,4.3031
630,5515.7377,8.5509,0.5454,0.0145,1024.0,32.0000,6.5697,2.1905,4.3984
631,5524.5629,8.8252,0.5445,0.0080,1024.0,32.0000,10.2750,2.2217,4.4632
632,5532.9332,8.3703,0.5419,0.0222,1024.0,32.0000,9.1957,2.0607,4.4160
633,5541.7514,8.8182,0.5393,0.0416,1024.0,32.0000,7.3360,1.8970,4.3057
634,5550.5068,8.7554,0.5233,0.0312,1024.0,32.0000,7.5570,1.8663,4.2627
635,5559.1189,8.6121,0.5186,0.0125,1024.0,32.0000,10.1869,1.9863,4.2799
636,5567.9741,8.8553,0.5389,0.0076,1024.0,32.0000,9.1776,2.1721,4.4334
637,5576.7897,8.8156,0.5457,0.0084,1024.0,32.0000,7.9019,2.2512,4.4355
638,5585.5255,8.7358,0.5380,0.0133,1024.0,32.0000,8.4221,2.1235,4.4232
639,5594.1186,8.5931,0.5642,0.0666,1024.0,32.0000,10.5785,1.9180,4.2942
640,5602.9046,8.7860,0.5551,0.0653,1024.0,32.0000,10.9184,1.8304,4.2942
641,5611.6559,8.7513,0.5223,0.0262,1024.0,32.0000,4.7905,1.8279,4.3535
642,5620.3190,8.6631,0.5474,0.0534,1024.0,32.0000,9.1890,1.8389,4.2627
643,5629.1365,8.8175,0.5210,0.0207,1024.0,32.0000,8.9245,1.8954,4.3099
644,5637.9363,8.7998,0.5182,0.0162,1024.0,32.0000,6.7296,1.9172,4.2795
645,5646.7452,8.8089,0.5153,0.0074,1024.0,32.0000,7.4888,1.9694,4.3320
646,5655.3157,8.5705,0.5307,0.0115,1024.0,32.0000,8.8250,2.0857,4.3481
647,5663.9029,8.5872,0.5229,0.0220,1024.0,32.0000,8.0509,1.9436,4.2581
648,5672.6649,8.7620,0.5292,0.0558,1024.0,32.0000,11.4589,1.7616,4.1060
649,5681.4908,8.8259,0.5137,0.0301,1024.0,32.0000,5.2258,1.8088,4.1897
650,5690.2814,8.7905,0.5235,0.0329,1024.0,32.0000,5.1273,1.8519,4.2444
651,5698.9995,8.7182,0.5301,0.0333,1024.0,32.0000,5.9792,1.8972,4.2721
652,5707.7929,8.7934,0.5464,0.0336,1024.0,32.0000,12.4971,2.0414,4.3038
653,5716.6171,8.8242,0.5108,-0.0000,1024.0,32.0000,5.3064,2.0235,4.3114
654,5725.3370,8.7199,0.5723,0.0896,1024.0,32.0000,16.7937,1.8637,4.1064
655,5734.0851,8.7482,0.5437,0.0710,1024.0,32.0000,9.8410,1.7659,4.0884
656,5742.8815,8.7964,0.5362,0.0440,1024.0,32.0000,9.7876,1.9021,4.1602
657,5751.5805,8.6990,0.5518,0.0322,1024.0,32.0000,9.0932,2.1070,4.3205
658,5760.3209,8.7404,0.5494,0.0247,1024.0,32.0000,9.6550,2.1553,4.3197
659,5769.0125,8.6916,0.5333,0.0129,1024.0,32.0000,6.8719,2.1301,4.3281
660,5777.8823,8.8697,0.5433,0.0299,1024.0,32.0000,8.8034,2.0782,4.2793
661,5786.5882,8.7059,0.5606,0.0620,1024.0,32.0000,10.2468,1.9908,4.1897
662,5795.3253,8.7371,0.5287,0.0283,1024.0,32.0000,10.6623,1.9848,4.2080
663,5804.0961,8.7708,0.5303,0.0142,1024.0,32.0000,8.6484,2.1066,4.2990
664,5812.7972,8.7010,0.5453,0.0235,1024.0,32.0000,11.6159,2.1475,4.3492
665,5821.5661,8.7690,0.5634,0.0514,1024.0,32.0000,8.2620,2.0658,4.2990
666,5830.3059,8.7397,0.5281,0.0110,1024.0,32.0000,5.3626,2.0423,4.3826
667,5838.9822,8.6763,0.5850,0.0905,1024.0,32.0000,11.5012,1.9184,4.2583
668,5847.6187,8.6366,0.5395,0.0476,1024.0,32.0000,9.4749,1.8847,4.2675
669,5856.4251,8.8063,0.5425,0.0283,1024.0,32.0000,6.8250,2.0285,4.3988
670,5865.1684,8.7433,0.5675,0.0608,1024.0,32.0000,11.9396,1.9971,4.3223
671,5873.9612,8.7928,0.5320,0.0205,1024.0,32.0000,6.6102,2.0220,4.3767
672,5882.7662,8.8050,0.5489,0.0350,1024.0,32.0000,13.8480,2.0687,4.3750
673,5891.5112,8.7450,0.5265,0.0079,1024.0,32.0000,5.5588,2.0536,4.4199
674,5900.2910,8.7798,0.5774,0.0736,1024.0,32.0000,8.7451,2.0111,4.2694
675,5908.8845,8.5935,0.5544,0.0425,1024.0,32.0000,13.5147,2.0924,4.2837
676,5917.6261,8.7416,0.5228,-0.0000,1024.0,32.0000,5.5465,2.0845,4.3675
677,5926.2321,8.6060,0.5652,0.0637,1024.0,32.0000,11.4413,1.9514,4.2462
678,5935.0728,8.8406,0.5653,0.0768,1024.0,32.0000,9.7234,1.8389,4.1888
679,5943.7666,8.6938,0.5455,0.0519,1024.0,32.0000,10.4080,1.8717,4.2513
680,5952.5576,8.7910,0.5673,0.0670,1024.0,32.0000,7.8313,1.9438,4.2777
681,5961.2109,8.6533,0.5390,0.0118,1024.0,32.0000,8.4401,2.1484,4.4168
682,5970.0051,8.7941,0.5500,0.0102,1024.0,32.0000,8.5881,2.3190,4.4353
683,5978.7706,8.7655,0.5432,0.0098,1024.0,32.0000,9.0619,2.2732,4.3804
684,5987.6099,8.8394,0.5465,0.0275,1024.0,32.0000,10.5736,2.1502,4.3377
685,5996.2336,8.6237,0.5190,0.0120,1024.0,32.0000,9.0182,1.9946,4.3104
686,6005.1067,8.8730,0.5501,0.0570,1024.0,32.0000,7.6242,1.8920,4.2495
687,6013.9196,8.8130,0.5549,0.0624,1024.0,32.0000,9.4016,1.8958,4.2187
688,6022.7726,8.8530,0.5363,0.0234,1024.0,32.0000,8.1936,2.0256,4.3264
689,6031.4045,8.6319,0.5356,0.0208,1024.0,32.0000,9.8562,2.0620,4.3234
690,6040.2407,8.8362,0.5401,0.0327,1024.0,32.0000,8.3347,2.0057,4.2813
691,6048.9673,8.7265,0.5463,0.0511,1024.0,32.0000,7.7266,1.9077,4.2226
692,6057.8056,8.8384,0.5225,0.0313,1024.0,32.0000,6.3364,1.8581,4.2146
693,6066.6229,8.8173,0.5359,0.0399,1024.0,32.0000,6.7360,1.8947,4.2706
694,6075.4127,8.7898,0.5130,0.0175,1024.0,32.0000,6.1616,1.9031,4.2310
695,6084.2304,8.8177,0.5344,0.0562,1024.0,32.0000,7.7527,1.7858,4.1307
696,6092.9773,8.7469,0.5239,0.0400,1024.0,32.0000,6.4042,1.8263,4.1884
697,6101.6180,8.6407,0.4987,0.0060,1024.0,32.0000,4.7490,1.8830,4.2511
698,6110.4104,8.7923,0.5141,0.0231,1024.0,32.0000,8.2688,1.8953,4.2451
699,6119.2778,8.8674,0.5289,0.0375,1024.0,32.0000,7.3847,1.9227,4.2038
700,6128.0631,8.7853,0.5306,0.0343,1024.0,32.0000,8.0687,1.9573,4.2457
701,6136.8776,8.8145,0.5035,0.0130,1024.0,32.0000,5.9343,1.8870,4.2367
702,6145.4751,8.5976,0.5470,0.0651,1024.0,32.0000,11.4189,1.8295,4.1942
703,6154.3068,8.8317,0.5174,0.0215,1024.0,32.0000,5.5778,1.9021,4.2708
704,6163.0076,8.7008,0.5246,0.0236,1024.0,32.0000,9.7162,1.9288,4.2559
705,6171.8333,8.8257,0.5716,0.0918,1024.0,32.0000,12.5993,1.7946,4.1463
706,6180.4902,8.6569,0.5047,0.0345,1024.0,32.0000,6.0841,1.7184,4.1678
707,6189.2904,8.8002,0.5556,0.0844,1024.0,32.0000,11.0831,1.8069,4.0899
708,6198.0125,8.7221,0.5226,0.0222,1024.0,32.0000,6.8852,2.0101,4.2834
709,6206.8981,8.8856,0.5317,0.0106,1024.0,32.0000,6.5892,2.1755,4.3525
710,6215.4705,8.5725,0.5461,0.0211,1024.0,32.0000,10.1883,2.1908,4.3737
711,6224.2073,8.7368,0.5647,0.0606,1024.0,32.0000,9.1436,2.0127,4.2548
712,6232.9673,8.7601,0.5150,0.0276,1024.0,32.0000,5.7231,1.8477,4.1945
713,6241.7413,8.7739,0.5404,0.0668,1024.0,32.0000,12.0619,1.7642,4.1019
714,6250.5641,8.8229,0.4988,0.0113,1024.0,32.0000,5.8092,1.8232,4.2262
715,6259.3488,8.7847,0.5278,0.0301,1024.0,32.0000,5.9857,1.9219,4.2506
716,6268.1109,8.7621,0.5168,0.0031,1024.0,32.0000,6.6450,2.0226,4.3623
717,6276.6247,8.5138,0.5377,0.0386,1024.0,32.0000,9.6828,1.9546,4.2608
718,6285.3003,8.6756,0.5382,0.0600,1024.0,32.0000,9.6895,1.8013,4.1491
719,6294.1496,8.8493,0.5361,0.0520,1024.0,32.0000,8.4617,1.8375,4.1641
720,6302.9397,8.7901,0.5172,0.0063,1024.0,32.0000,6.1852,2.0194,4.3144
721,6311.6008,8.6612,0.5297,0.0127,1024.0,32.0000,11.2025,2.0793,4.3233
722,6320.3264,8.7256,0.5233,0.0264,1024.0,32.0000,6.6751,1.8986,4.2600
723,6329.1209,8.7945,0.5148,0.0146,1024.0,32.0000,5.0198,1.8908,4.2885
724,6337.8539,8.7330,0.5296,0.0401,1024.0,32.0000,6.5433,1.8445,4.2009
725,6346.6818,8.8279,0.5201,0.0272,1024.0,32.0000,6.9124,1.8901,4.2002
726,6355.4766,8.7948,0.5198,0.0104,1024.0,32.0000,5.4063,2.0531,4.2796
727,6364.3226,8.8460,0.5444,-0.0000,1024.0,32.0000,5.3117,2.3336,4.4354
728,6373.1874,8.8647,0.5557,0.0220,1024.0,32.0000,8.5312,2.3062,4.3403
729,6381.9292,8.7418,0.5323,0.0439,1024.0,32.0000,9.3710,1.9949,4.1232
730,6390.6955,8.7663,0.5324,0.0663,1024.0,32.0000,9.0560,1.8316,3.9964
731,6399.3521,8.6566,0.5295,0.0505,1024.0,32.0000,8.2152,1.8895,4.0898
732,6407.9904,8.6383,0.5164,-0.0000,1024.0,32.0000,4.5552,2.0874,4.3100
733,6416.7650,8.7745,0.5427,0.0267,1024.0,32.0000,7.3997,2.1105,4.2825
734,6425.6062,8.8412,0.5470,0.0447,1024.0,32.0000,9.1685,2.0187,4.1838
735,6434.3120,8.7058,0.5180,0.0254,1024.0,32.0000,6.8557,1.9383,4.1229
736,6443.2011,8.8891,0.5288,0.0278,1024.0,32.0000,7.5837,1.9837,4.2312
737,6452.0787,8.8776,0.5259,0.0447,1024.0,32.0000,7.0518,1.8543,4.1134
738,6460.8747,8.7959,0.5327,0.0681,1024.0,32.0000,11.3023,1.7487,4.0345
739,6469.4752,8.6006,0.5126,0.0396,1024.0,32.0000,8.9328,1.7951,4.0747
740,6478.2602,8.7850,0.5000,0.0195,1024.0,32.0000,6.1812,1.8445,4.1391
741,6487.1183,8.8580,0.5434,0.0529,1024.0,32.0000,14.4064,1.9496,4.1788
742,6495.9576,8.8394,0.5024,0.0040,1024.0,32.0000,4.8585,1.9811,4.2731
743,6504.7774,8.8198,0.5452,0.0561,1024.0,32.0000,13.4492,1.9264,4.1905
744,6513.6284,8.8509,0.5159,0.0339,1024.0,32.0000,9.3383,1.8744,4.1468
745,6522.4924,8.8641,0.5138,0.0110,1024.0,32.0000,5.1273,1.9968,4.2670
746,6531.2367,8.7443,0.5520,0.0455,1024.0,32.0000,14.1704,2.0389,4.2522
747,6540.0562,8.8195,0.5397,0.0414,1024.0,32.0000,9.2456,1.9786,4.1729
748,6548.8446,8.7884,0.5397,0.0561,1024.0,32.0000,12.0046,1.8753,4.0993
749,6557.5492,8.7045,0.5148,0.0289,1024.0,32.0000,8.0648,1.8431,4.1575
750,6566.3748,8.8256,0.5272,0.0269,1024.0,32.0000,7.2554,1.9364,4.2852
751,6574.9782,8.6034,0.5508,0.0379,1024.0,32.0000,7.3044,2.0589,4.3339
752,6583.7643,8.7861,0.5453,0.0173,1024.0,32.0000,6.4090,2.1709,4.4276
753,6592.5138,8.7496,0.5495,0.0269,1024.0,32.0000,10.9842,2.1506,4.3670
754,6601.3526,8.8388,0.5132,0.0023,1024.0,32.0000,5.2487,2.0477,4.3075
755,6609.9509,8.5983,0.4975,0.0200,1024.0,32.0000,6.9081,1.8347,4.0990
756,6618.7440,8.7931,0.5391,0.0694,1024.0,32.0000,10.3907,1.8042,3.9965
757,6627.4290,8.6849,0.5161,0.0286,1024.0,32.0000,10.6038,1.9164,4.1122
758,6636.0212,8.5923,0.5127,-0.0000,1024.0,32.0000,5.3899,2.0436,4.2673
759,6644.7166,8.6953,0.5312,0.0304,1024.0,32.0000,5.9257,1.9550,4.2435
760,6653.4775,8.7609,0.5101,0.0318,1024.0,32.0000,4.8434,1.7791,4.1367
761,6662.3019,8.8245,0.5531,0.0928,1024.0,32.0000,7.4606,1.6850,4.0044
762,6671.1762,8.8743,0.5244,0.0572,1024.0,32.0000,7.7158,1.7510,4.0575
763,6679.9871,8.8109,0.5427,0.0677,1024.0,32.0000,7.1326,1.8175,4.1097
764,6688.8562,8.8691,0.5065,0.0069,1024.0,32.0000,6.3403,1.9813,4.2457
765,6697.6352,8.7790,0.5294,0.0228,1024.0,32.0000,7.1306,2.0438,4.2764
766,6706.4678,8.8326,0.5146,0.0202,1024.0,32.0000,5.1904,1.9894,4.1995
767,6715.3104,8.8426,0.5093,0.0244,1024.0,32.0000,6.9979,1.9538,4.1129
768,6724.1494,8.8389,0.5187,0.0437,1024.0,32.0000,8.8837,1.8697,4.0575
769,6732.8407,8.6914,0.4985,0.0280,1024.0,32.0000,4.2451,1.8260,4.0514
770,6741.5460,8.7053,0.5072,0.0202,1024.0,32.0000,5.2671,1.9631,4.1170
771,6750.4045,8.8585,0.5267,0.0478,1024.0,32.0000,7.3627,1.9346,4.0417
772,6759.0445,8.6400,0.5040,0.0060,1024.0,32.0000,6.1069,2.0669,4.1212
773,6767.6356,8.5910,0.5133,0.0241,1024.0,32.0000,5.9091,1.9757,4.0923
774,6774.8680,7.2324,0.5025,0.0219,1024.0,32.0000,6.6979,1.8904,4.0717
775,6783.5453,8.6773,0.5090,0.0387,1024.0,32.0000,8.3928,1.7774,4.0419
776,6792.2358,8.6905,0.5007,0.0202,1024.0,32.0000,6.2492,1.8362,4.1323
777,6801.0668,8.8309,0.4845,0.0010,1024.0,32.0000,4.1170,1.8460,4.1859
778,6809.6829,8.6161,0.5119,0.0421,1024.0,32.0000,7.9489,1.7705,4.0682
779,6818.1503,8.4674,0.5018,0.0284,1024.0,32.0000,11.2741,1.7917,4.1082
780,6827.0026,8.8524,0.4908,0.0065,1024.0,32.0000,4.9864,1.8258,4.1898
781,6835.7727,8.7700,0.5520,0.0557,1024.0,32.0000,9.4503,1.9541,4.1779
782,6844.5602,8.7876,0.5407,0.0382,1024.0,32.0000,7.3403,2.0234,4.1980
783,6853.2637,8.7035,0.5883,0.0881,1024.0,32.0000,9.9435,1.9996,4.1714
784,6862.0075,8.7438,0.5168,0.0198,1024.0,32.0000,6.9056,1.9533,4.2241
785,6870.8213,8.8138,0.5257,0.0378,1024.0,32.0000,10.3603,1.8974,4.1890
786,6879.5918,8.7705,0.5072,0.0242,1024.0,32.0000,5.7843,1.8436,4.1820
787,6888.3950,8.8031,0.5563,0.0825,1024.0,32.0000,9.3911,1.8383,4.0617
788,6896.9994,8.6044,0.5208,0.0467,1024.0,32.0000,10.2702,1.8422,4.0475
789,6905.8594,8.8600,0.5230,0.0290,1024.0,32.0000,7.2542,1.9822,4.1750
790,6914.6700,8.8105,0.5299,0.0302,1024.0,32.0000,6.0903,2.0344,4.2017
791,6923.1348,8.4648,0.5152,0.0209,1024.0,32.0000,7.5890,1.9859,4.1826
792,6931.9920,8.8573,0.5633,0.0848,1024.0,32.0000,12.9263,1.8944,4.0655
793,6940.7588,8.7668,0.5349,0.0501,1024.0,32.0000,7.2850,1.8876,4.1715
794,6949.4502,8.6914,0.5303,0.0274,1024.0,32.0000,6.4385,2.0083,4.2521
795,6958.2588,8.8086,0.5426,0.0112,1024.0,32.0000,4.8551,2.2194,4.4059
796,6967.0555,8.7968,0.5678,0.0317,1024.0,32.0000,7.9067,2.2990,4.3720
797,6975.8704,8.8148,0.5151,-0.0000,1024.0,32.0000,4.2555,2.1061,4.2831
798,6984.6895,8.8192,0.5877,0.1251,1024.0,32.0000,12.8567,1.7318,4.0389
799,6993.4993,8.8097,0.5174,0.0541,1024.0,32.0000,4.3742,1.6740,4.0819
800,7002.2485,8.7492,0.5360,0.0640,1024.0,32.0000,6.4095,1.7703,4.1252
801,7011.0458,8.7973,0.5429,0.0384,1024.0,32.0000,7.6190,2.0341,4.2478
802,7019.7529,8.7071,0.5394,0.0175,1024.0,32.0000,6.4838,2.1544,4.3672
803,7028.4478,8.6949,0.5363,0.0027,1024.0,32.0000,6.0535,2.2252,4.4584
804,7037.2603,8.8125,0.5396,0.0154,1024.0,32.0000,8.4139,2.2049,4.3580
805,7045.9859,8.7257,0.5247,0.0381,1024.0,32.0000,5.9498,1.9303,4.1693
806,7054.7643,8.7784,0.4985,0.0361,1024.0,32.0000,5.0821,1.7673,4.0134
807,7063.4450,8.6806,0.5444,0.0993,1024.0,32.0000,12.4929,1.6556,3.8816
808,7072.0433,8.5984,0.4914,0.0051,1024.0,32.0000,3.8909,1.8855,4.1518
809,7080.7871,8.7438,0.5072,-0.0000,1024.0,32.0000,4.1901,2.0380,4.2108
810,7089.4944,8.7073,0.5134,0.0218,1024.0,32.0000,8.4747,1.9147,4.1558
811,7098.2576,8.7633,0.6319,0.0568,1024.0,32.0000,8.1675,2.8242,4.3014
812,7106.9661,8.7085,1.2739,0.1693,1024.0,32.0000,7.6351,9.3352,4.4296
813,7115.8358,8.8697,18.5185,0.4327,1024.0,32.0000,32.5618,221.5693,4.4380
814,7124.5908,8.7550,442.1086,2.6399,1024.0,32.0000,216.6147,5488.8438,4.4648
815,7133.3407,8.7500,109800544.0000,6084735.0000,1024.0,32.0000,410048842805805056.0000,1296447616.0000,4.7086
816,7142.1307,8.7900,557.9916,26.4798,1024.0,32.0000,2487.2354,6639.9663,4.0503
817,7150.9143,8.7835,2720.3394,214.4321,1024.0,32.0000,18305.8594,31322.9785,4.0011
818,7159.6612,8.7470,7055045.5000,217994.4688,1024.0,32.0000,48302460.0000,85464376.0000,4.5602
819,7168.3460,8.6848,1370064027648.0000,21139853312.0000,1024.0,32.0000,32533588738048.0000,16861558210560.0000,4.5237
820,7177.1671,8.8211,46867983932839221417476096.0000,1042690895724168450408448.0000,1024.0,32.0000,inf,572816229076780691887226880.0000,4.4024
821,7185.9961,8.8290,60251619283958667149312.0000,1330729247394968371200.0000,1024.0,32.0000,inf,736511189070390971334656.0000,4.3904
822,7194.6600,8.6639,3359683633168529752064.0000,73073353665992982528.0000,1024.0,32.0000,inf,41082628434408081719296.0000,4.2892
823,7203.4547,8.7947,6212101507558416580608.0000,127611588911682289664.0000,1024.0,32.0000,inf,76056123974288085614592.0000,4.1952
824,7212.2499,8.7952,399186677063946241835008.0000,7060807672086153658368.0000,1024.0,32.0000,inf,4901573142781219687104512.0000,4.3167
825,7221.0599,8.8101,7369271919722907368947712.0000,115153655764943800107008.0000,1024.0,32.0000,inf,90676483127333345151680512.0000,3.9979
826,7229.7975,8.7376,16563586299436324509188096.0000,249781849096157136945152.0000,1024.0,32.0000,inf,203922594522338474124640256.0000,4.2048
827,7238.6598,8.8623,53047237369162299598700544.0000,781747937801085598564352.0000,1024.0,32.0000,inf,653318594977700270940618752.0000,3.9741
828,7247.3381,8.6783,126292128419278440324136960.0000,1854811037354646636068864.0000,1024.0,32.0000,inf,1555466501357289401040764928.0000,4.0699
829,7256.2129,8.8748,947289450311197837727105024.0000,13893104194274604636700672.0000,1024.0,32.0000,inf,11667454060713133601751826432.0000,4.3725
830,7264.9305,8.7176,59992783237915555226856718336.0000,879437824602540121752862720.0000,1024.0,32.0000,inf,738916919381759511248265805824.0000,4.6829
831,7273.6981,8.7675,800024266112228994399168626688.0000,11723712793215180402593890304.0000,1024.0,32.0000,inf,9853757300770245218474563469312.0000,4.6150
832,7282.5108,8.8127,920400107843670383811922755584.0000,13491817569841266419287719936.0000,1024.0,32.0000,inf,11336353702800136072604850061312.0000,4.6287
833,7291.1319,8.6211,1254338589123406638253749567488.0000,18382929554834913382816022528.0000,1024.0,32.0000,inf,15449445751100400474832431480832.0000,4.6243
834,7299.9168,8.7850,1686488692831360848562237734912.0000,24692694738497154769458561024.0000,1024.0,32.0000,inf,20772450102484099589172749139968.0000,4.4791
835,7308.7760,8.8592,1990553937087646082868164165632.0000,29153026549965329109536997376.0000,1024.0,32.0000,inf,24517508863519082431744529399808.0000,4.7589
836,7317.6140,8.8380,2106135859039269386202944372736.0000,30853597944111517047441063936.0000,1024.0,32.0000,inf,25941031105373504431252798701568.0000,4.6262
837,7326.3978,8.7838,2272162930897407224767982862336.0000,33300997430424090766955511808.0000,1024.0,32.0000,inf,27985774386746739007733933015040.0000,4.7799
838,7335.2111,8.8133,2535246345447393789194604118016.0000,37129441188735685055102320640.0000,1024.0,32.0000,inf,31226459624431941641584898998272.0000,4.6909
839,7343.9278,8.7167,2752483817255862223257489899520.0000,40287788226677800991893487616.0000,1024.0,32.0000,inf,33902450776071872529413911347200.0000,4.7613
840,7352.7052,8.7774,2987085543958637931642621001728.0000,43764791110150994848414433280.0000,1024.0,32.0000,inf,36791505432012324892251489566720.0000,4.5325
841,7361.4980,8.7928,3374027035505602098905414107136.0000,49404071158800541855382503424.0000,1024.0,32.0000,inf,41557787354205291125347866116096.0000,4.5003
842,7370.1333,8.6353,3779311860745033938293317697536.0000,55326679029322818966236692480.0000,1024.0,32.0000,inf,46549814412546536293495476322304.0000,4.6751
843,7378.9456,8.8123,4102888714382716931993061294080.0000,60053956773334648610954936320.0000,1024.0,32.0000,inf,50535439740278273424800387956736.0000,4.8907
844,7387.7328,8.7872,4627901321556412993641753083904.0000,67804011858298372417669562368.0000,1024.0,32.0000,inf,57001215072575649976148610252800.0000,4.8013
845,7396.4902,8.7574,5279054457674519078008461983744.0000,77320317010452035187920338944.0000,1024.0,32.0000,inf,65021673844600718104685673709568.0000,4.8239
846,7405.3455,8.8552,5650216444960963297968402726912.0000,82827229126586746039548510208.0000,1024.0,32.0000,inf,69592370911993151171381386280960.0000,4.9334
847,7414.0186,8.6731,6448364382643286661974103949312.0000,94540898626884483424184172544.0000,1024.0,32.0000,inf,79422794735519014432154945847296.0000,4.9933
848,7422.8746,8.8560,7343281392019572825583748382720.0000,107763949791902948290602205184.0000,1024.0,32.0000,inf,90443966970035781303363799351296.0000,4.8865
849,7431.6286,8.7540,7812683109259541041538662400000.0000,114687741858091936013566869504.0000,1024.0,32.0000,inf,96224953525367368846474756489216.0000,4.9474
850,7440.3931,8.7645,8334407740435340215489447067648.0000,122373468866826009513180528640.0000,1024.0,32.0000,inf,102650432942245350578171672526848.0000,5.0487
851,7448.9899,8.5968,8730595701113626873994980360192.0000,128334549857084225623590699008.0000,1024.0,32.0000,inf,107528255196259240957443139698688.0000,5.2943
852,7457.7172,8.7273,9312568963898650514811009368064.0000,136764285705194411726622162944.0000,1024.0,32.0000,inf,114697552820023154810719874056192.0000,5.0258
853,7466.5872,8.8700,9648430317252347562869529772032.0000,141901993764965407976153153536.0000,1024.0,32.0000,inf,118831605224183897653578511155200.0000,5.2433
854,7475.1638,8.5767,10098467460713728648704000262144.0000,148601813433604854165922643968.0000,1024.0,32.0000,inf,124373321181297357790431621939200.0000,5.1132
855,7483.9951,8.8312,10472261883972383723691863703552.0000,154286739876677819163526299648.0000,1024.0,32.0000,inf,128974686278881774770031280783360.0000,5.1466
856,7492.5113,8.5162,10909970401925334821202680610816.0000,160864165250814249888647217152.0000,1024.0,32.0000,inf,134363826126153311788003074506752.0000,4.9986
857,7501.2569,8.7457,11515164711853516259206465847296.0000,169781579885610384252897067008.0000,1024.0,32.0000,inf,141817289017372561916569543770112.0000,5.2563
858,7510.0401,8.7831,11882616505799563182229233336320.0000,175595455267864587782705905664.0000,1024.0,32.0000,inf,146337762470514924828831262965760.0000,5.4284
859,7518.8579,8.8178,12385469200468268187448267243520.0000,183287208016230802949612240896.0000,1024.0,32.0000,inf,152527269238810687862658931097600.0000,5.2753
860,7527.6968,8.8389,13079125448320930500682002202624.0000,193602008672239928289756446720.0000,1024.0,32.0000,inf,161069045838473254842429490593792.0000,5.1507
861,7536.4146,8.7178,13753415913469186069166118928384.0000,203824420950378191890939904000.0000,1024.0,32.0000,inf,169369869015176790852131012739072.0000,5.0942
862,7545.2226,8.8080,14667379549133500715423259164672.0000,217505834450956950261089697792.0000,1024.0,32.0000,inf,180623401627926767909235092094976.0000,5.4638
863,7553.9755,8.7529,15508061728390235384997235130368.0000,230455356704554639537440030720.0000,1024.0,32.0000,inf,190970085133460862412775177060352.0000,5.2210
864,7562.6688,8.6933,17066370736650951235081020112896.0000,253761217549744775553234239488.0000,1024.0,32.0000,inf,210157633486430183153908129464320.0000,5.0971
865,7571.4697,8.8010,18221421986040274075245590085632.0000,271284219515740195868983164928.0000,1024.0,32.0000,inf,224376709491727630161733446795264.0000,5.3235
866,7580.2331,8.7634,19477273470269064695997161013248.0000,290383792976774612978614927360.0000,1024.0,32.0000,inf,239836104702323459034673710104576.0000,5.3280
867,7589.0954,8.8623,20856547818199771653082009567232.0000,310884587020606111216054566912.0000,1024.0,32.0000,inf,256820796783823787078824056848384.0000,5.2799
868,7597.8001,8.7047,22117592847749626720768118226944.0000,330058811651001731677224435712.0000,1024.0,32.0000,inf,272344216705826406712856759238656.0000,5.2416
869,7606.6223,8.8223,23118931597026588690627147333632.0000,345847798423419281227665899520.0000,1024.0,32.0000,inf,284663538321148640850381803356160.0000,5.3947
870,7615.4056,8.7832,24411897103917548427042197864448.0000,365812452755717622904704204800.0000,1024.0,32.0000,inf,300576077614562260406135532027904.0000,5.3436
871,7624.0737,8.6681,25755340099480697390017930067968.0000,386237065583447468025556500480.0000,1024.0,32.0000,inf,317113795970628110834780113731584.0000,5.2857
872,7632.7718,8.6981,27373221345354563321943711285248.0000,410639119915573169045515534336.0000,1024.0,32.0000,inf,337032270545542993291973817794560.0000,5.1878
873,7641.5628,8.7910,28897094101643556459985990844416.0000,434072031308618429996139020288.0000,1024.0,32.0000,inf,355787758481988602483100180545536.0000,5.3090
874,7650.4117,8.8488,30725799921200017573688782094336.0000,461920582036737986964538523648.0000,1024.0,32.0000,inf,378298498841980185069999446032384.0000,5.4281
875,7659.1056,8.6939,32421403008016908015256423366656.0000,488292996560176218753460076544.0000,1024.0,32.0000,inf,399163900832882814267157003632640.0000,5.7160
876,7667.7855,8.6799,34305908007703501953146952876032.0000,517379071759330663467979898880.0000,1024.0,32.0000,inf,422356630097641958381124914774016.0000,5.6102
877,7676.5664,8.7810,36101283742413187740503094853632.0000,545534802982427925118239899648.0000,1024.0,32.0000,inf,444446857700538788355894384001024.0000,5.6296
878,7685.3661,8.7997,38873737503051809119440262397952.0000,587254644122669463151541485568.0000,1024.0,32.0000,inf,478581003945643083025157432803328.0000,5.6877
879,7694.0132,8.6471,41765833816354411889281401356288.0000,630613070874603042159672164352.0000,1024.0,32.0000,inf,514190233118808363628229969313792.0000,5.5713
880,7702.6259,8.6127,43141219049923418584311220142080.0000,653491123095377051276267225088.0000,1024.0,32.0000,inf,531096625492823891369992946450432.0000,5.6793
881,7711.3571,8.7312,46326143793104716062108038463488.0000,701143503242854341284307402752.0000,1024.0,32.0000,inf,570312515599194672067716900192256.0000,5.7385
882,7720.0649,8.7078,48536717847006128551741968351232.0000,735612018422388018741912797184.0000,1024.0,32.0000,inf,597513849453664788184342537961472.0000,5.9420
883,7728.8743,8.8094,50411645736349735397310475534336.0000,765827381452789978934255026176.0000,1024.0,32.0000,inf,620572765137302428224220571893760.0000,5.5723
884,7737.6267,8.7524,54853867839040082592351813369856.0000,831404353611965923887016837120.0000,1024.0,32.0000,inf,675280817179683872704036025139200.0000,5.9713
885,7746.3796,8.7529,57174826491678867642669814775808.0000,868287093653270015806510465024.0000,1024.0,32.0000,inf,703831737790732419329103251898368.0000,5.9841
886,7755.1691,8.7896,61674206607120594505091260612608.0000,935374240834735810341450547200.0000,1024.0,32.0000,inf,759235434763939792187144831762432.0000,5.9944
887,7763.8179,8.6487,64077144937439086789004437225472.0000,973959677335103381539194404864.0000,1024.0,32.0000,inf,788789860519334050197552161095680.0000,5.7803
888,7772.6363,8.8185,66200661825218410602509425967104.0000,1009117129116089945797735481344.0000,1024.0,32.0000,inf,814894302127744864054349993607168.0000,6.0904
889,7781.3227,8.6863,inf,1085085423157763435821684228096.0000,1024.0,32.0000,inf,inf,5.7970
890,7790.1157,8.7931,inf,1135265364962600011776741343232.0000,1024.0,32.0000,inf,inf,5.8066
891,7798.9311,8.8153,inf,1185288146410886685939086655488.0000,1024.0,32.0000,inf,inf,6.1572
892,7807.7387,8.8076,inf,1257618404872021127204727422976.0000,1024.0,32.0000,inf,inf,6.3953
893,7816.3943,8.6556,inf,1332400062663879132779378638848.0000,1024.0,32.0000,inf,inf,6.0253
894,7825.1442,8.7498,inf,1354637950884235332790805069824.0000,1024.0,32.0000,inf,inf,6.3067
895,7833.8758,8.7316,inf,1446201387998937539168463486976.0000,1024.0,32.0000,inf,inf,6.1180
896,7842.7451,8.8693,inf,1498199100889292161916338176000.0000,1024.0,32.0000,inf,inf,6.0193
897,7851.5716,8.8265,inf,1567407232863408097423976824832.0000,1024.0,32.0000,inf,inf,6.5495
898,7860.1858,8.6142,inf,1641632406988924744006646104064.0000,1024.0,32.0000,inf,inf,6.2712
899,7869.0739,8.8881,inf,1666200197495133238095025012736.0000,1024.0,32.0000,inf,inf,6.5973
900,7877.9237,8.8497,inf,1795238521629159526944812826624.0000,1024.0,32.0000,inf,inf,6.2144
901,7886.6854,8.7617,inf,1813962364723350903602662080512.0000,1024.0,32.0000,inf,inf,6.3488
902,7895.3803,8.6949,inf,1837210159350267674460908683264.0000,1024.0,32.0000,inf,inf,6.4327
903,7904.1651,8.7848,inf,1928444164179124894388459667456.0000,1024.0,32.0000,inf,inf,6.3327
904,7912.7651,8.6000,inf,1968787076589757232748932628480.0000,1024.0,32.0000,inf,inf,6.8386
905,7921.3026,8.5375,inf,2081616878913027832767494225920.0000,1024.0,32.0000,inf,inf,6.3085
906,7929.9898,8.6872,inf,2111820379358824824411059650560.0000,1024.0,32.0000,inf,inf,6.4970
907,7938.6805,8.6908,inf,2223830832207851609506464137216.0000,1024.0,32.0000,inf,inf,6.3106
908,7947.4970,8.8165,inf,2229392797672443614681993576448.0000,1024.0,32.0000,inf,inf,6.5412
909,7956.3344,8.8374,inf,2266374745188819832108136529920.0000,1024.0,32.0000,inf,inf,6.8817
910,7965.1641,8.8297,inf,2393507348883951109892646895616.0000,1024.0,32.0000,inf,inf,6.5734
911,7973.9123,8.7482,inf,2457203081352079240020919058432.0000,1024.0,32.0000,inf,inf,6.8924
912,7982.5504,8.6381,inf,2481918360808280718868612120576.0000,1024.0,32.0000,inf,inf,7.0854
913,7991.2334,8.6830,inf,2639863914678022213229386661888.0000,1024.0,32.0000,inf,inf,6.9223
914,7999.5615,8.3281,inf,2744653302490763366435624321024.0000,1024.0,32.0000,inf,inf,6.9279
915,8008.2144,8.6529,inf,2743788316066829099261122052096.0000,1024.0,32.0000,inf,inf,6.7341
916,8016.9603,8.7459,inf,2867199392742004192959946293248.0000,1024.0,32.0000,inf,inf,6.9794
917,8025.5195,8.5591,inf,2949787160108977585029998706688.0000,1024.0,32.0000,inf,inf,6.9875
918,8034.3081,8.7886,inf,2981542921307159760533886861312.0000,1024.0,32.0000,inf,inf,7.2308
919,8043.1542,8.8461,inf,2974583739826548147689690759168.0000,1024.0,32.0000,inf,inf,6.6771
920,8051.8739,8.7197,inf,3187196314796353366016091226112.0000,1024.0,32.0000,inf,inf,6.9806
921,8060.6414,8.7674,inf,3075015856753943273692993683456.0000,1024.0,32.0000,inf,inf,6.9139
922,8069.4701,8.8288,inf,3353884517962092954911047155712.0000,1024.0,32.0000,inf,inf,7.1443
923,8078.3089,8.8388,inf,3428775356867034906683039023104.0000,1024.0,32.0000,inf,inf,7.2728
924,8087.0395,8.7306,inf,3256588959073687984301519405056.0000,1024.0,32.0000,inf,inf,7.3133
925,8095.8721,8.8326,inf,3470413482177656868375562813440.0000,1024.0,32.0000,inf,inf,7.0346
926,8104.5486,8.6766,inf,3388166329660359898075483865088.0000,1024.0,32.0000,inf,inf,7.1395
927,8113.2339,8.6853,inf,3337329185556835319335327105024.0000,1024.0,32.0000,inf,inf,6.9476
928,8122.0019,8.7680,inf,3579288434797785660877719994368.0000,1024.0,32.0000,inf,inf,7.0080
929,8130.6642,8.6623,inf,3480038949553428545864573386752.0000,1024.0,32.0000,inf,inf,7.4577
930,8139.4558,8.7916,inf,3523767005374709297742870478848.0000,1024.0,32.0000,inf,inf,7.8894
